,0
2015-01-13,-0.15869467028003614
2015-01-14,-0.062420957542908766
2015-01-15,-0.07676151761517615
2015-01-16,-0.03640469738030713
2015-01-20,-0.20968834688346882
2015-01-21,-0.14019873532068655
2015-01-22,-0.11447606142728094
2015-01-23,-0.1387082204155375
2015-01-26,-0.19916440831074977
2015-01-27,-0.13021680216802167
2015-01-28,-0.10483288166214996
2015-01-29,-0.08157181571815718
2015-01-30,-0.0007000903342366757
2015-02-02,-0.04546070460704607
2015-02-03,0.1500903342366757
2015-02-04,0.08676603432700994
2015-02-05,0.036833785004516714
2015-02-06,0.007971996386630533
2015-02-09,0.1916214995483288
2015-02-10,0.10548780487804879
2015-02-11,0.17551942186088526
2015-02-12,0.04317976513098464
2015-02-13,0.08744354110207768
2015-02-17,0.05146793134598013
2015-02-18,0.004968383017163504
2015-02-19,-0.015266485998193314
2015-02-20,-0.04668021680216802
2015-02-23,-0.2183152664859982
2015-02-24,-0.2244579945799458
2015-02-25,-0.053906955736224026
2015-02-26,-0.031233062330623305
2015-02-27,-0.11598915989159891
2015-03-02,-0.1460252935862692
2015-03-03,-0.21307588075880757
2015-03-04,-0.1696025293586269
2015-03-05,-0.0735546522131888
2015-03-06,0.13974706413730803
2015-03-09,0.2306684733514002
2015-03-10,0.19135049683830171
2015-03-11,0.17511291779584462
2015-03-12,0.11488256549232159
2015-03-13,0.12845528455284552
2015-03-16,0.13812104787714544
2015-03-17,0.1291553748870822
2015-03-18,0.0773486901535682
2015-03-19,0.06395663956639566
2015-03-20,0.09613821138211383
2015-03-23,0.004607046070460705
2015-03-24,-0.07043812104787715
2015-03-25,0.06269196025293586
2015-03-26,-0.08371725383920506
2015-03-27,-0.09649954832881662
2015-03-30,0.01797651309846432
2015-03-31,0.004923215898825654
2015-04-01,-0.053590785907859075
2015-04-02,-0.07757452574525744
2015-04-06,0.12294489611562781
2015-04-07,0.026648599819331525
2015-04-08,-0.21849593495934957
2015-04-09,-0.19602529358626916
2015-04-10,-0.08742095754290875
2015-04-13,-0.05264227642276423
2015-04-14,0.011924119241192412
2015-04-15,0.27660343270099363
2015-04-16,0.19019873532068654
2015-04-17,0.1842140921409214
2015-04-20,0.020731707317073172
2015-04-21,-0.24810298102981032
2015-04-22,-0.28285907859078585
2015-04-23,-0.34455736224028904
2015-04-24,-0.1947831978319783
2015-04-27,-0.12364498644986449
2015-04-28,-0.2093947606142728
2015-04-29,-0.03590785907859078
2015-04-30,0.07581300813008131
2015-05-01,-0.0023261065943992773
2015-05-04,0.008017163504968382
2015-05-05,0.11122402890695572
2015-05-06,0.05686540198735321
2015-05-07,0.032746160794941276
2015-05-08,0.1341237579042457
2015-05-11,0.17188346883468836
2015-05-12,0.2000903342366757
2015-05-13,0.3188798554652213
2015-05-14,0.13498193315266485
2015-05-15,0.10277777777777777
2015-05-18,0.11510840108401085
2015-05-19,0.12425474254742548
2015-05-20,0.13211382113821138
2015-05-21,0.09821589882565492
2015-05-22,0.09672538392050588
2015-05-26,0.07698735320686541
2015-05-27,-0.05675248419150858
2015-05-28,-0.18423667570009034
2015-05-29,-0.12321589882565492
2015-06-01,-0.07685185185185185
2015-06-02,0.05808491418247515
2015-06-03,0.08118789521228545
2015-06-04,-0.035727190605239385
2015-06-05,0.08604336043360432
2015-06-08,0.06901535682023487
2015-06-09,0.16278229448961157
2015-06-10,0.1893631436314363
2015-06-11,0.12603884372177054
2015-06-12,0.18669933773636394
2015-06-15,0.11174345076784101
2015-06-16,0.12850045167118337
2015-06-17,0.07466124661246612
2015-06-18,0.002145438121047877
2015-06-19,0.00980126467931346
2015-06-22,-0.05178410117434507
2015-06-23,0.006255645889792231
2015-06-24,0.14229900632339657
2015-06-25,0.07299006323396567
2015-06-26,0.06610207768744354
2015-06-29,0.10191960252935862
2015-06-30,-0.1339430894308943
2015-07-01,-0.08073622402890696
2015-07-02,0.0013324299909665764
2015-07-06,0.003093947606142728
2015-07-07,-0.03593044263775971
2015-07-08,0.16675700090334236
2015-07-09,0.0030261969286359525
2015-07-10,-0.11488256549232159
2015-07-13,0.014137308039747063
2015-07-14,0.037556458897922314
2015-07-15,-0.11946702800361336
2015-07-16,0.16135953026196925
2015-07-17,0.16025293586269196
2015-07-20,0.06047877145438121
2015-07-21,0.14378952122854563
2015-07-22,0.16492773261065943
2015-07-23,0.0061201445347786815
2015-07-24,0.05128726287262872
2015-07-27,0.16849593495934959
2015-07-28,0.1266260162601626
2015-07-29,0.1368337850045167
2015-07-30,0.10049683830171635
2015-07-31,0.06237579042457091
2015-08-03,0.15083559168925023
2015-08-04,0.027755194218608854
2015-08-05,0.02362240289069557
2015-08-06,0.06251129177958445
2015-08-07,0.013595302619692863
2015-08-10,-0.10200993676603433
2015-08-11,0.04338301716350497
2015-08-12,0.010185185185185186
2015-08-13,-0.07793586269196025
2015-08-14,-0.17357723577235773
2015-08-17,-0.27084462511291774
2015-08-18,-0.2123983739837398
2015-08-19,0.0011969286359530262
2015-08-20,0.2984191508581752
2015-08-21,0.3956413730803975
2015-08-24,0.360230352303523
2015-08-25,0.256639566395664
2015-08-26,0.162646793134598
2015-08-27,0.05092592592592592
2015-08-28,-0.05989159891598915
2015-08-31,0.15311653116531163
2015-09-01,0.26551490514905146
2015-09-02,0.2881662149954833
2015-09-03,0.3453026196928636
2015-09-04,0.32694218608852754
2015-09-08,0.22382565492321588
2015-09-09,0.19103432700993675
2015-09-10,0.12892953929539294
2015-09-11,0.009643179765130985
2015-09-14,-0.15663956639566395
2015-09-15,-0.19699638663053298
2015-09-16,0.01700542005420054
2015-09-17,-0.06018552498698559
2015-09-18,-0.11863143631436315
2015-09-21,-0.26208220415537486
2015-09-22,-0.23193315266485998
2015-09-23,-0.11562782294489611
2015-09-24,0.006729900632339656
2015-09-25,0.0054200542005420045
2015-09-28,0.024028906955736222
2015-09-29,-0.14236675700090334
2015-09-30,-0.14042457091237578
2015-10-01,-0.21734417344173443
2015-10-02,-0.143970189701897
2015-10-05,-0.18809846431797653
2015-10-06,-0.13030713640469735
2015-10-07,-0.14907407407407408
2015-10-08,0.025225835591689248
2015-10-09,0.07276422764227643
2015-10-12,0.006345980126467932
2015-10-13,0.07581300813008131
2015-10-14,0.1343947606142728
2015-10-15,-0.007881662149954833
2015-10-16,0.024390243902439025
2015-10-19,-0.10119692863595303
2015-10-20,-0.034304426377597105
2015-10-21,-0.04186991869918699
2015-10-22,0.24288617886178862
2015-10-23,0.1894308943089431
2015-10-26,0.12323848238482385
2015-10-27,-0.0018970189701897017
2015-10-28,0.026738934056007226
2015-10-29,0.3653342366757001
2015-10-30,0.33796296296296297
2015-11-02,0.4350722673893405
2015-11-03,0.2341237579042457
2015-11-04,0.21422764227642274
2015-11-05,0.20313911472448057
2015-11-06,-0.013121047877145438
2015-11-09,-0.13656278229448962
2015-11-10,0.1921409214092141
2015-11-11,0.04144083107497741
2015-11-12,-0.19810298102981028
2015-11-13,0.026671183378500447
2015-11-16,-0.04392502258355917
2015-11-17,-0.14678267153955454
2015-11-18,0.05467479674796748
2015-11-19,0.12499999999999999
2015-11-20,-0.006029810298102982
2015-11-23,-0.01420505871725384
2015-11-24,0.2696025293586269
2015-11-25,0.10718157181571815
2015-11-27,0.02863595302619693
2015-11-30,0.0475609756097561
2015-12-01,0.056797651309846424
2015-12-02,-0.09546070460704607
2015-12-03,-0.02940379403794038
2015-12-04,0.017208672086720864
2015-12-07,0.08529810298102981
2015-12-08,0.027574525745257455
2015-12-09,0.04394760614272809
2015-12-10,-0.07260614272809394
2015-12-11,-0.07750677506775068
2015-12-14,0.12463866305329717
2015-12-15,-0.026784101174345074
2015-12-16,0.0749096657633243
2015-12-17,0.20989159891598916
2015-12-18,0.3468834688346883
2015-12-21,0.31420505871725385
2015-12-22,0.13563685636856368
2015-12-23,0.16070460704607045
2015-12-24,0.020912375790424573
2015-12-28,-0.07942637759710931
2015-12-29,-0.1357497741644083
2015-12-30,-0.11639566395663954
2015-12-31,-0.18588527551942186
2016-01-04,-0.10711382113821137
2016-01-05,-0.022199638663053297
2016-01-06,-0.10718157181571815
2016-01-07,-0.11926377597109304
2016-01-08,-0.0471093044263776
2016-01-11,-0.18816621499548328
2016-01-12,-0.05133242999096657
2016-01-13,0.13640469738030714
2016-01-14,0.12016711833785004
2016-01-15,0.2492095754290876
2016-01-19,0.13209123757904245
2016-01-20,-0.07411924119241192
2016-01-21,-0.13292682926829266
2016-01-22,-0.1128952122854562
2016-01-25,-0.03656278229448961
2016-01-26,-0.1426151761517615
2016-01-27,-0.1511743450767841
2016-01-28,-0.09426377597109305
2016-01-29,-0.2546070460704607
2016-02-01,-0.4212962962962962
2016-02-02,-0.3139792231255646
2016-02-03,-0.18692411924119243
2016-02-04,-0.12850045167118337
2016-02-05,0.05106142728093948
2016-02-08,0.5905600722673893
2016-02-09,0.5441508581752483
2016-02-10,0.28543360433604337
2016-02-11,0.13597560975609754
2016-02-12,0.031074977416440826
2016-02-16,-0.06047877145438121
2016-02-17,-0.09787714543812104
2016-02-18,0.1579494128274616
2016-02-19,0.11641824751580847
2016-02-22,0.07226738934056007
2016-02-23,0.1713188798554652
2016-02-24,0.23744354110207772
2016-02-25,0.15907859078590786
2016-02-26,-0.14229900632339657
2016-02-29,-0.07353206865401987
2016-03-01,-0.12513550135501356
2016-03-02,-0.026242095754290876
2016-03-03,-0.11133694670280035
2016-03-04,0.042841011743450765
2016-03-07,-0.040334236675700096
2016-03-08,0.06558265582655827
2016-03-09,0.00894308943089431
2016-03-10,-0.09661246612466125
2016-03-11,-0.07594850948509485
2016-03-14,-0.17174796747967477
2016-03-15,-0.16865401987353207
2016-03-16,0.07041553748870823
2016-03-17,0.16664408310749776
2016-03-18,0.09252484191508582
2016-03-21,0.42680668473351396
2016-03-22,0.346680216802168
2016-03-23,0.07739385727190605
2016-03-24,0.17199638663053296
2016-03-28,0.3265808491418247
2016-03-29,0.2503839205058717
2016-03-30,0.23943089430894307
2016-03-31,0.16476964769647695
2016-04-01,-0.022696476964769646
2016-04-04,-0.20727190605239387
2016-04-05,-0.13231707317073169
2016-04-06,-0.13236224028906954
2016-04-07,-0.14878048780487807
2016-04-08,-0.01673441734417344
2016-04-11,-0.08294941282746161
2016-04-12,0.023125564588979224
2016-04-13,0.16476964769647695
2016-04-14,0.11077235772357724
2016-04-15,-0.026106594399277323
2016-04-18,0.10121951219512196
2016-04-19,0.10916892502258356
2016-04-20,-0.13218157181571816
2016-04-21,-0.004087624209575429
2016-04-22,0.0012646793134598012
2016-04-25,-0.053771454381210476
2016-04-26,0.13918247515808493
2016-04-27,0.251196928635953
2016-04-28,0.2206639566395664
2016-04-29,0.2058717253839205
2016-05-02,0.1838301716350497
2016-05-03,0.1989385727190605
2016-05-04,0.06375338753387534
2016-05-05,-0.058220415537488704
2016-05-06,0.0421409214092141
2016-05-09,-0.0895438121047877
2016-05-10,-0.19986449864498643
2016-05-11,0.14498644986449863
2016-05-12,0.29354110207768747
2016-05-13,0.23676603432700996
2016-05-16,0.11386630532971996
2016-05-17,0.1609304426377597
2016-05-18,-0.011766034327009935
2016-05-19,-0.06409214092140922
2016-05-20,-0.04509936766034327
2016-05-23,-0.1492773261065944
2016-05-24,-0.041982836495031615
2016-05-25,-0.030374887082204153
2016-05-26,0.04428635953026197
2016-05-27,0.06969286359530262
2016-05-31,0.03936314363143631
2016-06-01,0.19954832881662146
2016-06-02,-0.04631887985546523
2016-06-03,0.09168925022583557
2016-06-06,0.10763324299909666
2016-06-07,0.06321138211382114
2016-06-08,0.04202800361336947
2016-06-09,0.053410117434507666
2016-06-10,-0.03584010840108401
2016-06-13,-0.06677958446251128
2016-06-14,-0.11711833785004515
2016-06-15,-0.035591689250225836
2016-06-16,0.0014679313459801263
2016-06-17,0.015311653116531163
2016-06-20,-0.05521680216802168
2016-06-21,0.14369918699186993
2016-06-22,0.10284552845528455
2016-06-23,0.07836495031616982
2016-06-24,-0.0468383017163505
2016-06-27,0.06854110207768743
2016-06-28,0.035411020776874434
2016-06-29,0.06260162601626015
2016-06-30,0.15740740740740738
2016-07-01,0.0468383017163505
2016-07-05,0.1661698283649503
2016-07-06,0.05582655826558265
2016-07-07,0.05806233062330623
2016-07-08,-0.06549232158988255
2016-07-11,0.1119241192411924
2016-07-12,-0.008355916892502258
2016-07-13,0.10959801264679314
2016-07-14,-0.08665311653116532
2016-07-15,0.11878952122854561
2016-07-18,0.09600271002710026
2016-07-19,0.037353206865401986
2016-07-20,0.1014453477868112
2016-07-21,0.17305781391147246
2016-07-22,0.09909665763324299
2016-07-25,0.24019873532068653
2016-07-26,0.18344625112917795
2016-07-27,0.1184281842818428
2016-07-28,-0.10146793134598012
2016-07-29,-0.06214995483288165
2016-08-01,-0.09442186088527552
2016-08-02,-0.015085817524841913
2016-08-03,0.05975609756097561
2016-08-04,-0.08651761517615175
2016-08-05,-0.046477227175690944
2016-08-08,-0.0665989159891599
2016-08-09,-0.17746160794941282
2016-08-10,-0.30383920505871725
2016-08-11,-0.24747064137308036
2016-08-12,-0.04164408310749774
2016-08-15,-0.138550135501355
2016-08-16,-0.005555555555555556
2016-08-17,0.15788166214995483
2016-08-18,0.3714995483288166
2016-08-19,0.1674119241192412
2016-08-22,0.17287714543812105
2016-08-23,0.24229900632339657
2016-08-24,0.26025293586269194
2016-08-25,0.09019873532068653
2016-08-26,0.2535230352303523
2016-08-29,0.17847786811201446
2016-08-30,0.053184281842818426
2016-08-31,-0.09494128274616079
2016-09-01,-0.1093947606142728
2016-09-02,-0.12052845528455285
2016-09-06,-0.1597335140018067
2016-09-07,-0.1770776874435411
2016-09-08,-0.06014001806684734
2016-09-09,0.10440379403794037
2016-09-12,0.11004968383017162
2016-09-13,0.20835591689250224
2016-09-14,0.13868563685636856
2016-09-15,0.22364498644986447
2016-09-16,0.3122177055103884
2016-09-19,0.2789747064137308
2016-09-20,0.29905149051490515
2016-09-21,0.2971900247903328
2016-09-22,0.11919602529358626
2016-09-23,0.10639114724480578
2016-09-26,0.005555555555555556
2016-09-27,-0.17208672086720864
2016-09-28,-0.1628048780487805
2016-09-29,-0.03471093044263776
2016-09-30,-0.017208672086720864
2016-10-03,0.018066847335140017
2016-10-04,-0.09214092140921408
2016-10-05,0.16205962059620596
2016-10-06,0.25135501355013545
2016-10-07,0.2373757904245709
2016-10-10,0.25115176151761515
2016-10-11,0.18550135501355014
2016-10-12,-0.007949412827461607
2016-10-13,0.02186088527551942
2016-10-14,0.014543812104787715
2016-10-17,0.06743450767841012
2016-10-18,-0.11456639566395664
2016-10-19,-0.08118789521228545
2016-10-20,-0.13353960119939326
2016-10-21,-0.06294037940379403
2016-10-24,-0.0037940379403794034
2016-10-25,-0.09690605239385727
2016-10-26,-0.028500451671183376
2016-10-27,0.04762899519607978
2016-10-28,0.0796973803071364
2016-10-31,0.13055555555555556
2016-11-01,0.14365401987353207
2016-11-02,0.21849593495934957
2016-11-03,0.12032520325203253
2016-11-04,0.09498644986449864
2016-11-07,0.053252032520325204
2016-11-08,0.016169828364950317
2016-11-09,-0.07610659439927732
2016-11-10,0.07703252032520326
2016-11-11,0.019173441734417346
2016-11-14,0.27420957542908764
2016-11-15,-0.007768744354110207
2016-11-16,-0.157226738934056
2016-11-17,-0.03721770551038844
2016-11-18,0.09776477961300588
2016-11-21,0.04952574525745257
2016-11-22,-0.17793586269196024
2016-11-23,-0.21741192411924118
2016-11-25,-0.17050587172538392
2016-11-28,-0.22651309846431797
2016-11-29,-0.19577687443541103
2016-11-30,-0.2586269196025293
2016-12-01,-0.031187895212285453
2016-12-02,0.034372177055103884
2016-12-05,0.21919602529358628
2016-12-06,0.15530713640469737
2016-12-07,0.23053297199638664
2016-12-08,0.37723577235772354
2016-12-09,0.19062782294489608
2016-12-12,0.04374435411020777
2016-12-13,-0.06921860885275519
2016-12-14,-0.1280713640469738
2016-12-15,-0.041982836495031615
2016-12-16,-0.0703929539295393
2016-12-19,-0.04758355916892502
2016-12-20,0.12497741644083105
2016-12-21,0.18615627822944894
2016-12-22,0.09715447154471545
2016-12-23,-0.10097109304426377
2016-12-27,-0.1638888888888889
2016-12-28,-0.04392502258355917
2016-12-29,-0.01790876242095754
2016-12-30,-0.10338753387533874
2017-01-03,0.009191508581752484
2017-01-04,0.22588075880758807
2017-01-05,0.2778003613369467
2017-01-06,0.21955736224028907
2017-01-09,0.33909214092140916
2017-01-10,0.09785456187895211
2017-01-11,0.10826558265582656
2017-01-12,0.05354561878952123
2017-01-13,0.12468383017163504
2017-01-17,0.06142728093947606
2017-01-18,0.15465221318879857
2017-01-19,-0.05212285456187895
2017-01-20,0.1920505871725384
2017-01-23,0.1215672990063234
2017-01-24,0.24297651309846433
2017-01-25,0.24390243902439024
2017-01-26,0.17630984643179767
2017-01-27,0.09704155374887082
2017-01-30,0.08326558265582656
2017-01-31,-0.15185185185185185
2017-02-01,0.08001355013550135
2017-02-02,0.07486449864498645
2017-02-03,0.16041102077687444
2017-02-06,0.1727416440831075
2017-02-07,0.19067299006323396
2017-02-08,0.0007452574525745257
2017-02-09,0.05962059620596206
2017-02-10,0.04114724480578139
2017-02-13,0.10770099367660342
2017-02-14,0.05228093947606142
2017-02-15,0.0818654019873532
2017-02-16,0.10038392050587172
2017-02-17,0.1679539295392954
2017-02-21,0.03584010840108401
2017-02-22,0.05808491418247515
2017-02-23,-0.11056910569105691
2017-02-24,-0.11589882565492321
2017-02-27,-0.1977642276422764
2017-02-28,-0.008491418247515809
2017-03-01,0.001987353206865402
2017-03-02,-0.025406504065040646
2017-03-03,-0.07077687443541103
2017-03-06,0.15465221318879857
2017-03-07,-0.04180216802168022
2017-03-08,0.06646341463414633
2017-03-09,0.13096205962059618
2017-03-10,0.2698509485094851
2017-03-13,0.16151761517615176
2017-03-14,0.028477868112014453
2017-03-15,-0.04338301716350497
2017-03-16,-0.006549232158988256
2017-03-17,-0.22610659439927733
2017-03-20,-0.1598238482384824
2017-03-21,0.13279132791327913
2017-03-22,0.17023486901535684
2017-03-23,0.22721318879855465
2017-03-24,0.1898148148148148
2017-03-27,-0.06763775971093043
2017-03-28,-0.17387082204155374
2017-03-29,-0.19155374887082202
2017-03-30,-0.13839205058717255
2017-03-31,-0.09835140018066846
2017-04-03,0.046951219512195115
2017-04-04,0.12199638663053297
2017-04-05,0.006074977416440831
2017-04-06,-0.036788617886178855
2017-04-07,0.022086720867208674
2017-04-10,-0.07335140018066848
2017-04-11,0.06522131887985547
2017-04-12,0.2217479674796748
2017-04-13,0.22332881662149953
2017-04-17,0.2635049683830171
2017-04-18,0.2457317073170732
2017-04-19,0.23310749774164408
2017-04-20,-0.06771718449286165
2017-04-21,-0.017795844625112918
2017-04-24,0.01727642276422764
2017-04-25,-0.04406052393857272
2017-04-26,-0.02050587172538392
2017-04-27,-0.039972899728997285
2017-04-28,0.013798554652213187
2017-05-01,-0.03626919602529359
2017-05-02,0.10341011743450768
2017-05-03,0.25670731707317074
2017-05-04,0.09546070460704607
2017-05-05,0.09731255645889793
2017-05-08,0.18631436314363142
2017-05-09,0.29419602529358624
2017-05-10,0.03550135501355014
2017-05-11,0.017412022425878384
2017-05-12,0.08453026196928635
2017-05-15,0.04116982836495031
2017-05-16,-0.04031165311653116
2017-05-17,0.18622402890695575
2017-05-18,0.1774390243902439
2017-05-19,0.18550135501355014
2017-05-22,0.16476964769647695
2017-05-23,0.1736675700090334
2017-05-24,0.15806233062330624
2017-05-25,0.09478319783197832
2017-05-26,0.14975158084914184
2017-05-30,0.024887082204155375
2017-05-31,0.0522583559168925
2017-06-01,0.11296296296296296
2017-06-02,0.016463414634146342
2017-06-05,-0.046205962059620596
2017-06-06,0.10248419150858175
2017-06-07,0.08922764227642277
2017-06-08,0.011314363143631434
2017-06-09,-0.1049683830171635
2017-06-12,0.0661472448057814
2017-06-13,-0.046612466124661245
2017-06-14,-0.023915989159891595
2017-06-15,0.1130081300813008
2017-06-16,0.15336495031616984
2017-06-19,0.0034327009936766036
2017-06-20,-0.004110207768744354
2017-06-21,-0.03965672990063234
2017-06-22,-0.034168925022583556
2017-06-23,-0.04598012646793135
2017-06-26,-0.042118337850045165
2017-06-27,-0.09257000903342366
2017-06-28,-0.063550135501355
2017-06-29,0.06230803974706414
2017-06-30,0.18322041553748872
2017-07-03,0.17764227642276423
2017-07-05,0.35792682926829267
2017-07-06,0.2745709123757904
2017-07-07,0.2224932249322493
2017-07-10,0.2705058717253839
2017-07-11,0.2372854561878952
2017-07-12,0.07786811201445347
2017-07-13,0.06745709123757904
2017-07-14,0.059033423667570015
2017-07-17,0.03753387533875339
2017-07-18,0.003364950316169828
2017-07-19,0.012466124661246612
2017-07-20,0.027777777777777773
2017-07-21,-0.09731255645889793
2017-07-24,-0.062240289069557364
2017-07-25,0.10237127371273712
2017-07-26,0.08048780487804878
2017-07-27,0.11099819331526647
2017-07-28,0.017682926829268295
2017-07-31,0.10438121047877146
2017-08-01,0.004516711833785004
2017-08-02,0.0743676603432701
2017-08-03,0.11960252935862692
2017-08-04,0.13466576332429991
2017-08-07,0.2832429990966576
2017-08-08,0.09022131887985546
2017-08-09,0.13979223125564588
2017-08-10,0.2068654019873532
2017-08-11,0.202710027100271
2017-08-14,0.180420054200542
2017-08-15,0.34374435411020776
2017-08-16,0.19577687443541103
2017-08-17,0.12705510388437216
2017-08-18,-0.027529358626919603
2017-08-21,0.12635501355013548
2017-08-22,-0.23480126467931345
2017-08-23,-0.2069557362240289
2017-08-24,-0.08351400180668472
2017-08-25,-0.032407407407407406
2017-08-28,-0.07391598915989159
2017-08-29,0.004426377597109304
2017-08-30,-0.0854787714543812
2017-08-31,0.09911924119241192
2017-09-01,0.0842818428184282
2017-09-05,0.015311653116531163
2017-09-06,-0.10889792231255645
2017-09-07,-0.1318654019873532
2017-09-08,-0.12694218608852756
2017-09-11,-0.07023486901535682
2017-09-12,-0.03665311653116531
2017-09-13,0.0899954832881662
2017-09-14,0.004855465221318879
2017-09-15,0.07850045167118339
2017-09-18,-0.11158536585365852
2017-09-19,0.015379403794037941
2017-09-20,0.06406955736224028
2017-09-21,0.1249096657633243
2017-09-22,0.22016711833785005
2017-09-25,0.26449864498644987
2017-09-26,0.304516711833785
2017-09-27,0.3406278229448961
2017-09-28,0.30336495031616983
2017-09-29,0.23656278229448957
2017-10-02,0.03204607046070461
2017-10-03,-0.1184281842818428
2017-10-04,-0.16300813008130083
2017-10-05,-0.1646341463414634
2017-10-06,-0.187646793134598
2017-10-09,-0.21029810298102983
2017-10-10,-0.023870822041553746
2017-10-11,-0.004200542005420054
2017-10-12,0.1894760614272809
2017-10-13,0.24970641373080393
2017-10-16,0.2066847335140018
2017-10-17,0.09040198735320687
2017-10-18,0.15435862691960253
2017-10-19,0.12283197831978318
2017-10-20,0.13904697380307135
2017-10-23,0.04787714543812104
2017-10-24,0.07357723577235771
2017-10-25,0.01016260162601626
2017-10-26,0.029742547425474258
2017-10-27,0.058559168925022574
2017-10-30,-0.004878048780487805
2017-10-31,0.002100271002710027
2017-11-01,0.0759936766034327
2017-11-02,0.07802619692863594
2017-11-03,0.029268292682926824
2017-11-06,0.11750225835591689
2017-11-07,-0.0052393857271906055
2017-11-08,0.1614724480578139
2017-11-09,0.0015130984643179763
2017-11-10,0.09851004127325748
2017-11-13,-0.03884372177055103
2017-11-14,-0.02420957542908762
2017-11-15,-0.10898825654923215
2017-11-16,-0.08561427280939476
2017-11-17,-0.22588075880758807
2017-11-20,0.012014453477868111
2017-11-21,-0.14704155374887082
2017-11-22,-0.06598915989159891
2017-11-24,-0.03362691960252936
2017-11-27,-0.05514905149051491
2017-11-28,-0.06998644986449865
2017-11-29,-0.24846431797651308
2017-11-30,-0.341847335140018
2017-12-01,-0.2147244805781391
2017-12-04,0.2559846431797651
2017-12-05,0.10980126467931346
2017-12-06,-0.05837850045167117
2017-12-07,-0.2571364046973803
2017-12-08,-0.11686991869918698
2017-12-11,-0.11355013550135501
2017-12-12,0.05593947606142728
2017-12-13,-0.05408762420957542
2017-12-14,-0.09374435411020776
2017-12-15,-0.171726353471309
2017-12-18,-0.18785004516711834
2017-12-19,-0.2534101174345077
2017-12-20,-0.19760614272809393
2017-12-21,0.010727190605239384
2017-12-22,-0.12619692863595303
2017-12-26,0.024345076784101173
2017-12-27,-0.0026874435411020775
2017-12-28,-0.05149051490514905
2017-12-29,-0.08383017163504969
2018-01-02,-0.02384407106804795
2018-01-03,-0.19241442804306577
2018-01-04,-0.3069984362311851
2018-01-05,-0.3523021712604762
2018-01-08,-0.33541864215067657
2018-01-09,-0.15161457310440593
2018-01-10,-0.10114462267703776
2018-01-11,0.10775593329136016
2018-01-12,0.1545529333774381
2018-01-16,0.3330824048844133
2018-01-17,0.07459099807852981
2018-01-18,-0.0061657395893134105
2018-01-19,-0.009850732390739003
2018-01-22,-0.0664262101067437
2018-01-23,-0.041847548970437694
2018-01-24,-0.10582913966969971
2018-01-25,-0.02649341229783106
2018-01-26,-0.11593276372328164
2018-01-29,-0.13493576581690775
2018-01-30,-0.009886859771145137
2018-01-31,-0.09082423434101902
2018-02-01,-0.2466568054894526
2018-02-02,-0.16788478847884786
2018-02-05,0.00696069606960696
2018-02-06,-0.07930393039303929
2018-02-07,0.17928592859285927
2018-02-08,0.2658865886588659
2018-02-09,0.15997599759975997
2018-02-12,0.175013501350135
2018-02-13,-0.27547554755475545
2018-02-14,-0.13045304530453045
2018-02-15,-0.061854185418541846
2018-02-16,-0.1889228922892289
2018-02-20,-0.21136513651365135
2018-02-21,0.018313831383138312
2018-02-22,0.015313531353135313
2018-02-23,-0.048868886888688866
2018-02-26,0.03493549354935493
2018-02-27,0.09894419125214425
2018-02-28,0.043984398439843975
2018-03-01,0.025166516651665166
2018-03-02,0.029217009352094755
2018-03-05,-0.01458145814581458
2018-03-06,-0.003876399269142167
2018-03-07,0.098025802580258
2018-03-08,0.06394239423942394
2018-03-09,0.15294329432943293
2018-03-12,0.2596939693969397
2018-03-13,0.22034269529860737
2018-03-14,-0.014305430543054304
2018-03-15,0.05489348934893489
2018-03-16,-0.014065406540654064
2018-03-19,0.17404140414041402
2018-03-20,-0.15372337233723368
2018-03-21,-0.26660666066606653
2018-03-22,-0.15068706870687065
2018-03-23,-0.3139513951395139
2018-03-26,-0.3856585658565856
2018-03-27,-0.08441669491995665
2018-03-28,0.1269126912691269
2018-03-29,-0.07204320432043203
2018-04-02,0.04172817281728172
2018-04-03,0.1816261626162616
2018-04-04,0.006456645664566456
2018-04-05,0.12506450645064504
2018-04-06,0.17231323132313228
2018-04-09,0.16464446444644465
2018-04-10,0.09174917491749174
2018-04-11,0.05503750375037503
2018-04-12,-0.09951395139513951
2018-04-13,-0.12535253525352535
2018-04-16,-0.027158715871587157
2018-04-17,-0.20735673567356733
2018-04-18,-0.1615361536153615
2018-04-19,-0.07243924392439244
2018-04-20,-0.03061506150615061
2018-04-23,0.06946294629462946
2018-04-24,0.33490549054905483
2018-04-25,0.11606360636063605
2018-04-26,0.21558955895589554
2018-04-27,0.2522052205220522
2018-04-30,0.29762976297629756
2018-05-01,0.2867566756675667
2018-05-02,0.2156375637563756
2018-05-03,0.06275427542754275
2018-05-04,0.09131713171317131
2018-05-07,0.03915991599159916
2018-05-08,-0.006840684068406839
2018-05-09,-0.07776777677767775
2018-05-10,-0.06646264626462646
2018-05-11,-0.009684968496849685
2018-05-14,-0.08523252325232522
2018-05-15,-0.09012901290129012
2018-05-16,0.15086708670867086
2018-05-17,0.09086108610861086
2018-05-18,0.07073507350735073
2018-05-21,0.11293129312931291
2018-05-22,0.15428742874287427
2018-05-23,0.09238523852385239
2018-05-24,0.24056405640564055
2018-05-25,0.29338133813381334
2018-05-29,0.30412241224122405
2018-05-30,0.2558415841584158
2018-05-31,0.17107710771077103
2018-06-01,0.07476747674767475
2018-06-04,-0.025046504650465044
2018-06-05,-0.030783078307830777
2018-06-06,-0.03143114311431143
2018-06-07,0.19698769876987698
2018-06-08,0.13869786978697868
2018-06-11,0.09543354335433543
2018-06-12,0.026426642664266423
2018-06-13,0.04847284728472846
2018-06-14,-0.01988598859885989
2018-06-15,-0.17188118811881187
2018-06-18,-0.22047404740474044
2018-06-19,-0.17807380738073808
2018-06-20,-0.34111011101110106
2018-06-21,-0.2994179417941794
2018-06-22,-0.25318931893189317
2018-06-25,-0.0015121512151215122
2018-06-26,-0.31591453919895923
2018-06-27,-0.054617461746174614
2018-06-28,0.025250525052505246
2018-06-29,0.2627182718271827
2018-07-02,0.11482748274827481
2018-07-03,0.07929192919291927
2018-07-05,0.23191119111911188
2018-07-06,0.14832327729822922
2018-07-09,-0.13194119411941194
2018-07-10,0.04062406240624062
2018-07-11,0.3485388538853885
2018-07-12,0.12813681368136812
2018-07-13,0.023114311431143113
2018-07-16,0.08289228922892287
2018-07-17,-0.14376237623762375
2018-07-18,-0.1298289828982898
2018-07-19,-0.06515451545154514
2018-07-20,-0.07824782478247826
2018-07-23,-0.25650165016501647
2018-07-24,-0.08686468646864685
2018-07-25,-0.14997899789978997
2018-07-26,-0.1913231323132313
2018-07-27,-0.277011701170117
2018-07-30,0.1335013501350135
2018-07-31,0.2617701770177017
2018-08-01,0.3428742874287428
2018-08-02,0.10312631263126311
2018-08-03,0.26219021902190215
2018-08-06,0.13803780378037803
2018-08-07,0.1257005700570057
2018-08-08,0.003948394839483948
2018-08-09,-0.22272494066989135
2018-08-10,-0.19381938193819379
2018-08-13,-0.20877287728772875
2018-08-14,-0.18124212421242122
2018-08-15,0.13504950495049503
2018-08-16,0.3163156315631563
2018-08-17,0.4162856285628563
2018-08-20,0.4471767176717671
2018-08-21,0.3091389138913891
2018-08-22,0.25747374737473744
2018-08-23,0.1882988298829883
2018-08-24,0.07984398439843983
2018-08-27,-0.13124512451245124
2018-08-28,-0.2977257725772577
2018-08-29,-0.22157815781578155
2018-08-30,-0.21776177617761774
2018-08-31,-0.16004800480048004
2018-09-04,-0.11431143114311429
2018-09-05,0.19079507950795077
2018-09-06,0.09593759375937592
2018-09-07,0.12588058805880586
2018-09-10,-0.02045004500450045
2018-09-11,-0.010513051305130512
2018-09-12,0.07696369636963696
2018-09-13,-0.04484848484848484
2018-09-14,-0.11722772277227721
2018-09-17,0.18983498349834982
2018-09-18,0.1714371437143714
2018-09-19,0.21162916291629158
2018-09-20,0.24825682568256827
2018-09-21,0.26699069906990697
2018-09-24,0.24638463846384637
2018-09-25,-0.021458145814581456
2018-09-26,0.06055805580558055
2018-09-27,-0.08526852685268525
2018-09-28,-0.16298829882988297
2018-10-01,-0.2562016201620162
2018-10-02,-0.06857485748574857
2018-10-03,-0.13065706570657065
2018-10-04,-0.09834983498349834
2018-10-05,0.09101710171017101
2018-10-08,0.054953495349534955
2018-10-09,0.14844284428442844
2018-10-10,0.2953255325532553
2018-10-11,0.07835583558355835
2018-10-12,-0.263006300630063
2018-10-15,-0.13296129612961297
2018-10-16,-0.13986198619861986
2018-10-17,-0.1010981098109811
2018-10-18,0.0013921392139213918
2018-10-19,0.052973297329732966
2018-10-22,-0.056885688568856875
2018-10-23,0.043144314431443134
2018-10-24,0.14743474347434743
2018-10-25,0.18707470747074706
2018-10-26,0.24296429642964296
2018-10-29,0.33102910291029103
2018-10-30,0.20039603960396035
2018-10-31,0.2582538253825382
2018-11-01,0.15110711071107108
2018-11-02,0.1909816711129841
2018-11-05,0.07726372637263725
2018-11-06,-0.029114911491149115
2018-11-07,-0.2112091209120912
2018-11-08,-0.17462946294629458
2018-11-09,-0.20741674167416738
2018-11-12,-0.3479867986798679
2018-11-13,-0.41729372937293724
2018-11-14,-0.23978397839783977
2018-11-15,-0.20727272727272728
2018-11-16,-0.2246504650465046
2018-11-19,0.057653765376537644
2018-11-20,0.3649324932493249
2018-11-21,0.24742874287428737
2018-11-23,0.1593399339933993
2018-11-26,0.1877347734773477
2018-11-27,0.14105010501050105
2018-11-28,-0.019381938193819382
2018-11-29,-0.12807680768076807
2018-11-30,-0.07169516951695169
2018-12-03,-0.0730993099309931
2018-12-04,-0.014641464146414639
2018-12-06,-0.08717671767176717
2018-12-07,-0.05089708970897089
2018-12-10,-0.10610261026102609
2018-12-11,-0.057905790579057904
2018-12-12,-0.1477107710771077
2018-12-13,-0.10633063306330633
2018-12-14,-0.03199519951995199
2018-12-17,0.019501950195019498
2018-12-18,-0.05735373537353734
2018-12-19,-0.0931173117311731
2018-12-20,0.09768976897689767
2018-12-21,0.17753375337533753
2018-12-24,0.09530153015301529
2018-12-26,-0.025922592259225923
2018-12-27,0.10505850585058504
2018-12-28,0.1059105910591059
2018-12-31,0.08584458445844582
2019-01-02,0.16176417641764174
2019-01-03,0.06226222622262225
2019-01-04,0.1481308130813081
2019-01-07,0.2019081908190819
2019-01-08,0.23121512151215118
2019-01-09,0.004764476447644764
2019-01-10,0.08264026402640262
2019-01-11,0.05574557455745574
2019-01-14,0.2409360936093609
2019-01-15,0.21214521452145213
2019-01-16,0.10558655865586558
2019-01-17,0.26317431743174313
2019-01-18,0.21836183618361835
2019-01-22,-0.021890189018901888
2019-01-23,0.14177017701770175
2019-01-24,0.0967176717671767
2019-01-25,0.06594659465946594
2019-01-28,0.03396339633963396
2019-01-29,0.1455265526552655
2019-01-30,-0.03897989798979898
2019-01-31,-0.06751875187518751
2019-02-01,0.08175217521752175
2019-02-04,0.048304830483048296
2019-02-05,0.1216201620162016
2019-02-06,0.1547074707470747
2019-02-07,0.08986498649864985
2019-02-08,0.15163516351635165
2019-02-11,0.08291629162916292
2019-02-12,0.14599459945994597
2019-02-13,0.1840984098409841
2019-02-14,0.009744974497449745
2019-02-15,-0.12087608760876087
2019-02-19,-0.00534053405340534
2019-02-20,-0.022466246624662463
2019-02-21,-0.049756975697569754
2019-02-22,-0.03895589558955895
2019-02-25,-0.01602160216021602
2019-02-26,-0.049528952895289524
2019-02-27,-0.03199519951995199
2019-02-28,-0.03823582358235823
2019-03-01,-0.08726072607260725
2019-03-04,-0.12146414641464146
2019-03-05,-0.08876087608760874
2019-03-06,-0.011797179717971796
2019-03-07,0.11002700270027001
2019-03-08,0.17855385538553853
2019-03-11,0.1196999699969997
2019-03-12,0.0906090609060906
2019-03-13,-0.04801680168016801
2019-03-14,-0.07111911191119111
2019-03-15,-0.14351035103510348
2019-03-18,-0.03705970597059705
2019-03-19,0.00966096609660966
2019-03-20,0.0900452746636956
2019-03-21,0.13494149414941495
2019-03-22,0.20470447044704468
2019-03-25,0.11959195919591958
2019-03-26,0.16448844884488445
2019-03-27,0.01615361536153615
2019-03-28,0.01797779777977798
2019-03-29,0.08603660366036603
2019-04-01,-0.02022202220222022
2019-04-02,-0.01252925292529253
2019-04-03,0.062274227422742266
2019-04-04,0.06467446744674467
2019-04-05,0.038499849984998495
2019-04-08,0.08464446444644463
2019-04-09,-0.08595259525952594
2019-04-10,-0.14241824182418242
2019-04-11,-0.0005520552055205519
2019-04-12,-0.03553555355535553
2019-04-15,-0.22131413141314127
2019-04-16,-0.05604560456045604
2019-04-17,0.20049204920492047
2019-04-18,0.09820582058205819
2019-04-22,0.1161116111611161
2019-04-23,0.07365136513651364
2019-04-24,-0.01548154815481548
2019-04-25,0.038379837983798376
2019-04-26,0.1396943885226465
2019-04-29,0.16448844884488445
2019-04-30,0.07757575757575756
2019-05-01,0.10233423342334232
2019-05-02,0.06365436543654365
2019-05-03,-0.027110711071107105
2019-05-06,-0.09639363936393637
2019-05-07,-0.17468999307007238
2019-05-08,-0.21376537653765376
2019-05-09,-0.20290429042904287
2019-05-10,-0.2313231323132313
2019-05-13,-0.17388538853885385
2019-05-14,-0.1839009417978328
2019-05-15,-0.16679267926792676
2019-05-16,-0.014785478547854784
2019-05-17,0.05035703570357035
2019-05-20,0.08087608760876086
2019-05-21,0.0854005400540054
2019-05-22,0.07673567356735674
2019-05-23,0.15275127512751274
2019-05-24,0.004596459645964596
2019-05-28,-0.004596459645964596
2019-05-29,0.07757575757575756
2019-05-30,0.09348934893489348
2019-05-31,0.21797779777977797
2019-06-03,0.24078007800780077
2019-06-04,0.2234623462346234
2019-06-05,0.16657665766576654
2019-06-06,0.17813381338133813
2019-06-07,-0.06351035103510351
2019-06-10,-0.11018301830183017
2019-06-11,-0.09989798979897989
2019-06-12,-0.16714071407140713
2019-06-13,0.03917191719171917
2019-06-14,0.04968496849684968
2019-06-17,0.09948994899489948
2019-06-18,0.021962196219621963
2019-06-19,-0.18707470747074706
2019-06-20,-0.11462346234623462
2019-06-21,-0.03085508550855085
2019-06-24,-0.05432943294329432
2019-06-25,0.12121212121212122
2019-06-26,0.24566456645664567
2019-06-27,0.30883888388838876
2019-06-28,0.4199219921992199
2019-07-01,0.3272247224722472
2019-07-02,0.2557455745574557
2019-07-03,0.06922292229222922
2019-07-05,0.047080708070807074
2019-07-08,-0.07344734473447344
2019-07-09,0.009696969696969695
2019-07-10,-0.10843084308430842
2019-07-11,-0.02622262226222622
2019-07-12,0.003504350435043504
2019-07-15,-0.04206420642064206
2019-07-16,-0.12231623162316231
2019-07-17,-0.009936993699369937
2019-07-18,-0.012781278127812778
2019-07-19,0.0947134713471347
2019-07-22,0.1511191119111911
2019-07-23,0.03955595559555954
2019-07-24,-0.017185718571857182
2019-07-25,0.15207920792079205
2019-07-26,0.19687968796879687
2019-07-29,0.2694269426942694
2019-07-30,0.2907050705070507
2019-07-31,0.30954695469546956
2019-08-01,0.2533213321332133
2019-08-02,0.0918091809180918
2019-08-05,-0.04456045604560455
2019-08-06,-0.033639363936393635
2019-08-07,-0.18077407740774076
2019-08-08,-0.205004500450045
2019-08-09,-0.12302430243024301
2019-08-12,0.06373837383738373
2019-08-13,-0.09458145814581458
2019-08-14,0.03747974797479747
2019-08-15,0.04242424242424242
2019-08-16,-0.024146414641464144
2019-08-19,-0.06354635463546354
2019-08-20,-0.017545754575457543
2019-08-21,-0.039723972397239724
2019-08-22,0.15126312631263122
2019-08-23,0.09635763576357634
2019-08-26,0.1193039303930393
2019-08-27,0.013141314131413142
2019-08-28,-0.03275127512751275
2019-08-29,-0.11259525952595258
2019-08-30,-0.16388838883888387
2019-09-03,-0.18616261626162614
2019-09-04,-0.10633063306330633
2019-09-05,-0.035343534353435346
2019-09-06,-0.044668466846684664
2019-09-09,0.045004500450045004
2019-09-10,0.10756675667566755
2019-09-11,0.23727572757275725
2019-09-12,0.1712571257125712
2019-09-13,0.2836243624362436
2019-09-16,0.3189438943894389
2019-09-17,0.20541254125412542
2019-09-18,0.15512751275127512
2019-09-19,0.06847884788478846
2019-09-20,-0.0599099909990999
2019-09-23,0.1332253225322532
2019-09-24,0.024746474647464742
2019-09-25,-0.06191419141914191
2019-09-26,-0.144014401440144
2019-09-27,-0.014305430543054304
2019-09-30,0.04969696969696969
2019-10-01,-0.014749474947494748
2019-10-02,-0.0986018601860186
2019-10-03,-0.11835583558355833
2019-10-04,0.015385538553855382
2019-10-07,0.10617461746174615
2019-10-08,0.08351635163516351
2019-10-09,0.050405040504050404
2019-10-10,-0.02297029702970297
2019-10-11,-0.025094509450945095
2019-10-14,-0.10355835583558354
2019-10-15,-0.2504290429042904
2019-10-16,-0.13905790579057903
2019-10-17,-0.1043144314431443
2019-10-18,-0.25874587458745874
2019-10-21,-0.17560156015601558
2019-10-22,0.07775577557755775
2019-10-23,0.15834383438343833
2019-10-24,-0.06552655265526552
2019-10-25,-0.1874947494749475
2019-10-28,-0.42018601860186017
2019-10-29,-0.4274707470747074
2019-10-30,-0.3627482748274827
2019-10-31,-0.3731653165316531
2019-11-01,-0.23701170117011697
2019-11-04,-0.050597059705970594
2019-11-05,0.09242124212421242
2019-11-06,0.11274561279862566
2019-11-07,0.28974497449744974
2019-11-08,0.26113411341134113
2019-11-11,0.22804680468046803
2019-11-12,0.27626762676267624
2019-11-13,0.2671347134713471
2019-11-14,0.0713111311131113
2019-11-15,-0.06754275427542752
2019-11-18,-0.10305430543054304
2019-11-19,-0.007524752475247524
2019-11-20,-0.11903990399039903
2019-11-21,0.1424302430243024
2019-11-22,0.09338133813381337
2019-11-25,0.21056105610561054
2019-11-26,0.13287728772877286
2019-11-27,0.043144314431443134
2019-11-29,0.028106810681068104
2019-12-02,0.048256825682568255
2019-12-03,-0.11702370237023701
2019-12-04,-0.05984998499849985
2019-12-05,-0.19248724872487247
2019-12-06,-0.14403840384038402
2019-12-09,-0.13249324932493248
2019-12-10,-0.05071707170717071
2019-12-11,-0.012013201320132012
2019-12-12,0.02863486348634863
2019-12-13,-0.009924992499249925
2019-12-16,0.0599099909990999
2019-12-17,0.01903390339033903
2019-12-18,0.03485148514851485
2019-12-19,0.11144314431443143
2019-12-20,0.22779477947794777
2019-12-23,0.18136431281609508
2019-12-24,-0.026762676267626757
2019-12-26,0.21604560456045602
2019-12-27,-0.003576357635763576
2019-12-30,-0.16759675967596757
2019-12-31,-0.11989198919891988
2020-01-02,0.047608760876087605
2020-01-03,0.08925292529252925
2020-01-06,0.0644944494449445
2020-01-07,0.20943294329432938
2020-01-08,0.19116711671167116
2020-01-09,0.06215421542154214
2020-01-10,0.11702370237023701
2020-01-13,0.04189618961896189
2020-01-14,0.11769576957695767
2020-01-15,0.057113711371137105
2020-01-16,-0.014221422142214219
2020-01-17,-0.09528952895289527
2020-01-21,-0.05669366936693669
2020-01-22,-0.006756675667566756
2020-01-23,-0.12643264326432643
2020-01-24,-0.2675307530753075
2020-01-27,-0.20801680168016798
2020-01-28,0.03861986198619861
2020-01-29,0.17134113411341131
2020-01-30,0.24206420642064205
2020-01-31,0.14263426342634264
2020-02-03,0.12709270927092708
2020-02-04,0.01014101410141014
2020-02-05,0.2672787278727872
2020-02-06,0.25579357935793573
2020-02-07,0.37189318931893184
2020-02-10,0.3497220213697749
2020-02-11,0.40556855685568555
2020-02-12,0.1295889588958896
2020-02-13,-0.042328232823282325
2020-02-14,-0.1638163816381638
2020-02-18,-0.2363156315631563
2020-02-19,-0.28199219921992197
2020-02-20,-0.12676867686768675
2020-02-21,0.12057605760576057
2020-02-24,0.131005100510051
2020-02-25,0.17784578457845782
2020-02-26,0.056417641764176414
2020-02-27,0.01428142814281428
2020-02-28,-0.23656765676567654
2020-03-02,-0.2249384938493849
2020-03-03,-0.0776957695769577
2020-03-04,-0.062478247824782465
2020-03-05,0.018157815781578157
2020-03-06,0.06009000900090008
2020-03-09,-0.07644764476447645
2020-03-10,-0.25995799579957996
2020-03-11,-0.22832283228322828
2020-03-12,-0.1896189618961896
2020-03-13,-0.19548754875487545
2020-03-16,0.03721572157215721
2020-03-17,0.16525652565256524
2020-03-18,0.26400240024002397
2020-03-19,0.07818781878187818
2020-03-20,-0.027914791479147914
2020-03-23,0.05666966696669666
2020-03-24,0.0029282928292829282
2020-03-25,-0.01962196219621962
2020-03-26,-0.07043504350435044
2020-03-27,-0.2583138313831383
2020-03-30,-0.07816381638163816
2020-03-31,-0.14551455145514552
2020-04-01,-0.014017401740174016
2020-04-02,0.1778097809780978
2020-04-03,0.1861266126612661
2020-04-06,0.015001500150015001
2020-04-07,0.07396339633963396
2020-04-08,-0.02759075907590759
2020-04-09,-0.09171317131713169
2020-04-13,0.008388838883888389
2020-04-14,-0.038919891989198915
2020-04-15,-0.020246024602460243
2020-04-16,0.06172217221722172
2020-04-17,0.057653765376537644
2020-04-20,-0.04044404440444044
2020-04-21,-0.04426042604260425
2020-04-22,0.022598259825982594
2020-04-23,0.054197419741974194
2020-04-24,0.03305130513051305
2020-04-27,-0.12738073807380737
2020-04-28,-0.17288928892889288
2020-04-29,-0.06963096309630962
2020-04-30,-0.024878487848784877
2020-05-01,-0.05533753375337533
2020-05-04,-6.000600060006e-05
2020-05-05,0.0022682268226822677
2020-05-06,0.14286228622862285
2020-05-07,-0.10433843384338434
2020-05-08,-0.06598259825982598
2020-05-11,-0.1695049504950495
2020-05-12,-0.10630663066306631
2020-05-13,-0.09056105610561055
2020-05-14,0.08133213321332133
2020-05-15,-0.017257725772577257
2020-05-18,-0.017125712571257123
2020-05-19,-0.24680468046804677
2020-05-20,-0.011725172517251725
2020-05-21,0.16806480648064806
2020-05-22,-0.0019321932193219317
2020-05-26,0.22720672067206718
2020-05-27,0.10244224422442243
2020-05-28,-0.3959435943594359
2020-05-29,-0.42383438343834373
2020-06-01,-0.36962496249624954
2020-06-02,-0.2991179117911791
2020-06-03,0.050777077707770776
2020-06-04,0.5717491749174917
2020-06-05,0.524980498049805
2020-06-08,0.5139033903390339
2020-06-09,0.35309930993099303
2020-06-10,0.28303630363036303
2020-06-11,0.008208820882088208
2020-06-12,0.2869246924692469
2020-06-15,0.345058505850585
2020-06-16,0.23641164116411642
2020-06-17,0.1203120312031203
2020-06-18,0.019093909390939093
2020-06-19,0.058217821782178214
2020-06-22,-0.010237023702370236
2020-06-23,-0.019477947794779474
2020-06-24,0.16937293729372935
2020-06-25,0.13136513651365136
2020-06-26,0.18057005700570053
2020-06-29,-0.019117911791179117
2020-06-30,0.05024902490249024
2020-07-01,-0.15440744074407436
2020-07-02,-0.05167716771677167
2020-07-06,-0.051185118511851174
2020-07-07,0.06947494749474946
2020-07-08,0.012997299729972994
2020-07-09,0.001668166816681668
2020-07-10,0.03595559555955596
2020-07-13,0.026210621062106206
2020-07-14,0.14228622862286228
2020-07-15,0.08816081608160815
2020-07-16,0.0673027302730273
2020-07-17,-0.023666366636663664
2020-07-20,-0.1829222922292229
2020-07-21,-0.14375037503750374
2020-07-22,-0.058205820582058206
2020-07-23,0.19665166516651664
2020-07-24,0.11873987398739873
2020-07-27,0.17204920492049203
2020-07-28,0.15195919591959195
2020-07-29,0.13233723372337233
2020-07-30,0.10901890189018901
2020-07-31,0.08052805280528053
2020-08-03,-0.03158715871587158
2020-08-04,0.031419141914191415
2020-08-05,0.07392739273927393
2020-08-06,0.06073807380738073
2020-08-07,-0.01690969096909691
2020-08-10,0.1984518451845184
2020-08-11,0.25755775577557755
2020-08-12,0.2973297329732973
2020-08-13,0.17599759975997598
2020-08-14,0.12026402640264025
2020-08-17,0.03465946594659466
2020-08-18,0.010753075307530752
2020-08-19,0.007932793279327931
2020-08-20,-0.05514551455145514
2020-08-21,-0.06136213621362136
2020-08-24,-0.0021002100210020997
2020-08-25,0.04756075607560756
2020-08-26,0.09794179417941794
2020-08-27,0.13976597659765974
2020-08-28,-0.050021002100210016
2020-08-31,-0.1653285328532853
2020-09-01,-0.10762676267626761
2020-09-02,-0.19216321632163216
2020-09-03,-0.09719771977197719
2020-09-04,-0.040696069606960684
2020-09-08,0.14039003900390035
2020-09-09,-0.0132013201320132
2020-09-10,-0.051941194119411935
2020-09-11,-0.04843684368436843
2020-09-14,0.09201320132013201
2020-09-15,0.06763876387638763
2020-09-16,0.25168916891689164
2020-09-17,0.2754395439543954
2020-09-18,0.320996099609961
2020-09-21,0.1785418541854185
2020-09-22,0.20136813681368132
2020-09-23,0.15385538553855382
2020-09-24,0.22198619861986196
2020-09-25,0.053477347734773466
2020-09-28,0.19735973597359732
2020-09-29,0.08949294929492949
2020-09-30,-0.07431143114311431
2020-10-01,-0.1439303930393039
2020-10-02,0.011797179717971796
2020-10-05,0.00072007200720072
2020-10-06,-0.00022802280228022802
2020-10-07,-0.02325832583258326
2020-10-08,-0.002076207620762076
2020-10-09,-0.11107110711071105
2020-10-12,-0.2787158715871587
2020-10-13,-0.26191419141914185
2020-10-14,-0.20405640564056404
2020-10-15,-0.20909690969096908
2020-10-16,-0.15527152715271528
2020-10-19,-0.08704470447044703
2020-10-20,0.08595259525952594
2020-10-21,-0.024686468646864683
2020-10-22,0.06016201620162015
2020-10-23,-0.07109510951095108
2020-10-26,-0.11333933393339332
2020-10-27,-0.24309630963096307
2020-10-28,0.10033003300330033
2020-10-29,0.1535313531353135
2020-10-30,0.21257725772577257
2020-11-02,-0.19758775877587753
2020-11-03,-0.3285568556855686
2020-11-04,-0.4075127512751275
2020-11-05,-0.28882088208820883
2020-11-06,-0.3117191719171917
2020-11-09,-0.22012601260126008
2020-11-10,-0.04981698169816981
2020-11-11,-0.3194479447944794
2020-11-12,-0.23959195919591958
2020-11-13,-0.16027602760276025
2020-11-16,-0.2258265826582658
2020-11-17,-0.3681248124812481
2020-11-18,-0.42192619261926184
2020-11-19,-0.502022202220222
2020-11-20,-0.3591239123912391
2020-11-23,0.02232223222322232
2020-11-24,0.1261326132613261
2020-11-25,-0.026390639063906388
2020-11-27,-0.17540954095409542
2020-11-30,-0.3301410141014101
2020-12-01,-0.2977977797779778
2020-12-02,-0.28453645364536445
2020-12-03,-0.13726972697269726
2020-12-04,-0.08502850285028501
2020-12-07,0.03626762676267627
2020-12-08,0.17233723372337229
2020-12-09,0.2707110711071107
2020-12-10,0.41437743774377434
2020-12-11,0.3211161116111611
2020-12-14,0.16270027002700269
2020-12-15,0.21561356135613557
2020-12-16,0.17986198619861982
2020-12-17,0.29206120612061204
2020-12-18,0.15128712871287128
2020-12-21,0.2804080408040804
2020-12-22,0.13778577857785776
2020-12-23,0.28321632163216315
2020-12-24,0.15189918991899187
2020-12-28,-0.08475247524752474
2020-12-29,-0.06558655865586557
2020-12-30,-0.09873387338733872
2020-12-31,-0.1136153615361536
2021-01-04,-0.23696369636963693
2021-01-05,-0.24795679567956794
2021-01-06,-0.18400240024002398
2021-01-07,-0.3449144914491449
2021-01-08,-0.25071707170717067
2021-01-11,-0.0461086108610861
2021-01-12,0.057533753375337525
2021-01-13,0.0831203120312031
2021-01-14,0.3165436543654365
2021-01-15,0.1832463246324632
2021-01-19,0.08375637563756373
2021-01-20,0.04079207920792079
2021-01-21,-0.038415841584158415
2021-01-22,0.059369936993699364
2021-01-25,0.057641764176417636
2021-01-26,0.3064146414641463
2021-01-27,0.23711971197119708
2021-01-28,0.07564356435643564
2021-01-29,0.04904890489048904
2021-02-01,0.010621062106210619
2021-02-02,-0.14569456945694567
2021-02-03,-0.14336633663366335
2021-02-04,-0.008628862886288629
2021-02-05,-0.0749114911491149
2021-02-08,-0.056381638163816375
2021-02-09,-0.03368736873687368
2021-02-10,-0.005784578457845784
2021-02-11,-0.10472247224722471
2021-02-12,-0.08416441644164416
2021-02-16,0.1112151215121512
2021-02-17,0.06287428742874286
2021-02-18,-0.06003000300030003
2021-02-19,0.005124512451245123
2021-02-22,0.14004200420042004
2021-02-23,0.10665466546654664
2021-02-24,-0.014425442544254423
2021-02-25,-0.12909690969096907
2021-02-26,-0.1869306930693069
2021-03-01,-0.1875067506750675
2021-03-02,-0.15797179717971793
2021-03-03,-0.12453645364536452
2021-03-04,-0.006336633663366335
2021-03-05,-0.03567956795679567
2021-03-08,0.17346534653465345
2021-03-09,0.03829582958295828
2021-03-10,0.18396639663966394
2021-03-11,-0.17600960096009596
2021-03-12,-0.007908790879087909
2021-03-15,0.006228622862286228
2021-03-16,-0.09170117011701169
2021-03-17,-0.1655325532553255
2021-03-18,0.017317731773177313
2021-03-19,-0.07588358835883587
2021-03-22,-0.23257125712571255
2021-03-23,0.03977197719771978
2021-03-24,0.2812121212121212
2021-03-25,0.4318751875187518
2021-03-26,0.42237023702370236
2021-03-29,0.4117611761176117
2021-03-30,0.27606360636063604
2021-03-31,0.19827182718271827
2021-04-01,0.1369216921692169
2021-04-05,-0.07217521752175217
2021-04-06,-0.016285628562856282
2021-04-07,0.13885388538853885
2021-04-08,0.07983198319831981
2021-04-09,0.018037803780378038
2021-04-12,0.1497989798979898
2021-04-13,-0.12045604560456045
2021-04-14,-0.11227122712271226
2021-04-15,-0.04756075607560756
2021-04-16,0.014893489348934892
2021-04-19,0.19079507950795077
2021-04-20,0.24612061206120608
2021-04-21,0.20829282928292828
2021-04-22,-0.013369336933693366
2021-04-23,-0.1685208520852085
2021-04-26,-0.17339333933393336
2021-04-27,-0.13389738973897386
2021-04-28,-0.08007200720072007
2021-04-29,-0.015901590159015898
2021-04-30,0.0246024602460246
2021-05-03,-0.11123912391239123
2021-05-04,-0.029402940294029404
2021-05-05,-0.2782958295829583
2021-05-06,-0.3168916891689169
2021-05-07,-0.12948094809480948
2021-05-10,0.019609960996099605
2021-05-11,-0.3194479447944794
2021-05-12,0.1491149114911491
2021-05-13,0.21190519051905188
2021-05-14,0.16816081608160813
2021-05-17,0.1469186918691869
2021-05-18,0.1648964896489649
2021-05-19,0.14743474347434743
2021-05-20,0.18309030903090306
2021-05-21,0.13706570657065703
2021-05-24,0.08823282328232822
2021-05-25,-0.050021002100210016
2021-05-26,-0.07587158715871586
2021-05-27,-0.2294509450945094
2021-05-28,-0.28577257725772576
2021-06-01,-0.12064806480648065
2021-06-02,0.02699069906990699
2021-06-03,0.0342034203420342
2021-06-04,0.00132013201320132
2021-06-07,-0.022946294629462943
2021-06-08,-0.04249624962496249
2021-06-09,-0.06744674467446744
2021-06-10,-0.056993699369936986
2021-06-11,-0.03461146114611461
2021-06-14,0.09956195619561956
2021-06-15,0.014965496549654964
2021-06-16,0.0542094209420942
2021-06-17,0.04211221122112212
2021-06-18,0.18349834983498348
2021-06-21,-0.07103510351035103
2021-06-22,-0.0019921992199219917
2021-06-23,-0.13647764776477647
2021-06-24,-0.24849684968496846
2021-06-25,-0.2096969696969697
2021-06-28,-0.17398139813981395
2021-06-29,-0.16068406840684066
2021-06-30,-0.24897689768976897
2021-07-01,-0.23918391839183917
2021-07-02,-0.176033603360336
2021-07-06,-0.09930993099309929
2021-07-07,-0.1609365764681005
2021-07-08,-0.07120312031203119
2021-07-09,-0.2839123912391239
2021-07-12,-0.41549354935493543
2021-07-13,-0.27287128712871284
2021-07-14,0.12807680768076807
2021-07-15,0.0315031503150315
2021-07-16,0.04189618961896189
2021-07-19,0.21024902490249023
2021-07-20,0.14865886588658866
2021-07-21,-0.022310231023102308
2021-07-22,0.03873987398739874
2021-07-23,-0.04799279927992799
2021-07-26,-0.07425142514251425
2021-07-27,-0.06005400540054004
2021-07-28,-0.04241224122412241
2021-07-29,-0.006708670867086708
2021-07-30,0.055697569756975686
2021-08-02,-0.03637563756375637
2021-08-03,-0.0454005400540054
2021-08-04,-0.010405040504050403
2021-08-05,0.05875787578757875
2021-08-06,-0.15896789678967896
2021-08-09,-0.20546054605460545
2021-08-10,-0.14115811581158116
2021-08-11,-0.10082208220822081
2021-08-12,-0.07525952595259526
2021-08-13,-0.11255925592559254
2021-08-16,-0.09126912691269126
2021-08-17,0.16028802880288026
2021-08-18,0.2719111911191119
2021-08-19,0.2119531953195319
2021-08-20,0.3973597359735973
2021-08-23,0.3332613261326132
2021-08-24,0.1209120912091209
2021-08-25,0.1024062406240624
2021-08-26,0.05954995499549954
2021-08-27,-0.13689768976897687
2021-08-30,0.0013561356135613559
2021-08-31,0.0016081608160816079
2021-09-01,0.052025202520252015
2021-09-02,0.09884188418841883
2021-09-03,0.07997599759975996
2021-09-07,0.18354635463546354
2021-09-08,0.13616561656165613
2021-09-09,0.13786978697869787
2021-09-10,0.21302130213021298
2021-09-13,0.0897089708970897
2021-09-14,0.05784578457845784
2021-09-15,0.03569156915691568
2021-09-16,0.08374437443744373
2021-09-17,0.08918091809180917
2021-09-20,0.06616261626162616
2021-09-21,0.011677167716771675
2021-09-22,-0.0511971197119712
2021-09-23,-0.13243324332433243
2021-09-24,-0.2683468346834683
2021-09-27,-0.2986378637863786
2021-09-28,-0.14635463546354632
2021-09-29,-0.04375637563756375
2021-09-30,-0.17029702970297028
2021-10-01,-0.12478847884788478
2021-10-04,0.13087308730873085
2021-10-05,-0.01674167416741674
2021-10-06,0.012973297329732972
2021-10-07,0.09360936093609361
2021-10-08,0.16138013801380138
2021-10-11,0.18363036303630362
2021-10-12,0.26367836783678367
2021-10-13,0.13335733573357333
2021-10-14,0.1713291329132913
2021-10-15,0.13966996699669965
2021-10-18,0.10869486948694869
2021-10-19,0.08717671767176717
2021-10-20,0.22016201620162013
2021-10-21,0.2747194719471947
2021-10-22,0.08938493849384938
2021-10-25,0.11799579957995798
2021-10-26,0.13956195619561954
2021-10-27,-0.019465946594659462
2021-10-28,0.02604260426042604
2021-10-29,0.05902190219021902
2021-11-01,-0.08481248124812481
2021-11-02,-0.10609060906090609
2021-11-03,-0.1108190819081908
2021-11-04,-0.22587458745874583
2021-11-05,-0.030939093909390935
2021-11-08,0.011497149714971497
2021-11-09,0.15589558955895588
2021-11-10,-0.001596159615961596
2021-11-11,-0.028418841884188414
2021-11-12,0.08241224122412241
2021-11-15,-0.07512751275127512
2021-11-16,-0.20934893489348932
2021-11-17,-0.002808280828082808
2021-11-18,-0.04559255925592559
2021-11-19,-0.16301230123012297
2021-11-22,0.012577257725772575
2021-11-23,-0.001212121212121212
2021-11-24,0.010489048904890488
2021-11-26,-0.01669366936693669
2021-11-29,-0.02643864386438644
2021-11-30,0.03169516951695169
2021-12-01,0.24267626762676262
2021-12-02,0.09867386738673865
2021-12-03,0.1294209420942094
2021-12-06,-0.11643564356435643
2021-12-07,-0.1836183618361836
2021-12-08,-0.13783378337833782
2021-12-09,-0.08003600360036003
2021-12-10,-0.03473147314731473
2021-12-13,-0.07369936993699369
2021-12-14,-0.04716471647164716
2021-12-15,-0.038919891989198915
2021-12-16,0.010573057305730571
2021-12-17,0.17333333333333334
2021-12-20,0.22418241824182417
2021-12-21,0.10637863786378636
2021-12-22,0.048268826882688264
2021-12-23,-0.08678067806780676
2021-12-27,-0.02987098709870987
2021-12-28,0.098001800180018
2021-12-29,-0.0626102610261026
2021-12-30,-0.10346234623462344
2021-12-31,-0.14246624662466245
2022-01-03,-0.17749774977497748
2022-01-04,-0.18148214821482145
2022-01-05,-0.15231923192319227
2022-01-06,-0.3598679867986798
2022-01-07,-0.16595259525952594
2022-01-10,-0.23867986798679866
2022-01-11,-0.283996399639964
2022-01-12,-0.3239603960396039
2022-01-13,-0.11674767476747674
2022-01-14,-0.0682148214821482
2022-01-18,-0.21746174617461744
2022-01-19,-0.1734413441344134
2022-01-20,-0.14303030303030304
2022-01-21,-0.11284728472847284
2022-01-24,-0.1907230723072307
2022-01-25,0.13792979297929792
2022-01-26,0.17646564656465644
2022-01-27,0.3043864386438644
2022-01-28,0.22525052505250523
2022-01-31,-0.22490249024902487
2022-02-01,-0.17074107410741074
2022-02-02,-0.15177917791779177
2022-02-03,-0.12594059405940594
2022-02-04,-0.34228622862286223
2022-02-07,-0.23468346834683468
2022-02-08,0.010345034503450343
2022-02-09,-0.11293129312931291
2022-02-10,-0.11414341434143413
2022-02-11,0.046000600060005996
2022-02-14,-0.06383438343834383
2022-02-15,-0.13009300930093007
2022-02-16,0.09062106210621061
2022-02-17,0.11631563156315632
2022-02-18,0.05377737773777377
2022-02-22,0.18929492949294927
2022-02-23,0.17585358535853582
2022-02-24,0.012541254125412541
2022-02-25,-0.08036003600360035
2022-02-28,-0.08186018601860186
2022-03-01,0.04907290729072907
2022-03-02,0.017569756975697567
2022-03-03,-0.02113411341134113
2022-03-04,-0.020978097809780976
2022-03-07,0.11065106510651064
2022-03-08,-0.06317431743174316
2022-03-09,0.008784878487848783
2022-03-10,0.04909690969096909
2022-03-11,0.17275727572757274
2022-03-14,0.3054425442544254
2022-03-15,0.19378337833783374
2022-03-16,-0.07084308430843082
2022-03-17,-0.05704170417041704
2022-03-18,-0.10295829582958295
2022-03-21,0.14207020702070206
2022-03-22,0.17812181218121811
2022-03-23,0.1706210621062106
2022-03-24,0.19266726672667264
2022-03-25,0.27075907590759074
2022-03-28,0.06587458745874587
2022-03-29,0.019597959795979593
2022-03-30,0.03989198919891989
2022-03-31,0.09188118811881188
2022-04-01,0.07738373837383739
2022-04-04,0.21056105610561054
2022-04-05,0.237035703570357
2022-04-06,0.20657665766576655
2022-04-07,0.06173417341734173
2022-04-08,0.09482148214821481
2022-04-11,0.11055505550555055
2022-04-12,0.24356435643564353
2022-04-13,0.12588058805880586
2022-04-14,0.14115811581158116
2022-04-18,0.22105010501050104
2022-04-19,0.10184218421842184
2022-04-20,0.20648064806480648
2022-04-21,0.16134413441344134
2022-04-22,0.24817281728172816
2022-04-25,0.12614461446144612
2022-04-26,0.16271227122712267
2022-04-27,0.047416741674167415
2022-04-28,0.0954095409540954
2022-04-29,-0.0477047704770477
2022-05-02,-0.19801980198019803
2022-05-03,-0.2741194119411941
2022-05-04,-0.20116411641164114
2022-05-05,-0.19980798079807977
2022-05-06,-0.15036303630363035
2022-05-09,0.10879087908790877
2022-05-10,0.014677467746774676
2022-05-11,-0.01833783378337834
2022-05-12,0.10678667866786677
2022-05-13,-0.06405040504050405
2022-05-16,0.04177617761776177
2022-05-17,0.11625562556255624
2022-05-18,0.18475847584758473
2022-05-19,0.023666366636663664
2022-05-20,0.0922172217221722
2022-05-23,-0.027578757875787573
2022-05-24,-0.09143714371437144
2022-05-25,-0.0800960096009601
2022-05-26,-0.13107710771077105
2022-05-27,0.009804980498049802
2022-05-31,-0.008664866486648664
2022-06-01,0.027230723072307228
2022-06-02,0.15578757875787577
2022-06-03,0.4028442844284428
2022-06-06,0.2901050105010501
2022-06-07,0.3005220522052205
2022-06-08,0.2498529852985298
2022-06-09,0.27813981398139814
2022-06-10,0.12987698769876985
2022-06-13,0.08408040804080406
2022-06-14,0.1472187218721872
2022-06-15,0.2531293129312931
2022-06-16,-0.006516651665166516
2022-06-17,0.05950195019501949
2022-06-21,0.007464746474647464
2022-06-22,0.09544554455445545
2022-06-23,0.15913591359135912
2022-06-24,0.112019201920192
2022-06-27,-0.17716171617161713
2022-06-28,-0.2907050705070507
2022-06-29,-0.298025802580258
2022-06-30,-0.22639063906390636
2022-07-01,-0.08092409240924091
2022-07-05,0.14841884188418838
2022-07-06,0.17768976897689767
2022-07-07,0.08237623762376238
2022-07-08,0.026426642664266423
2022-07-11,-0.08458445844584457
2022-07-12,-0.05898589858985898
2022-07-13,-0.12123612361236123
2022-07-14,-0.10022202220222022
2022-07-15,-0.17405340534053404
2022-07-18,-0.13833783378337833
2022-07-19,0.28016801680168013
2022-07-20,0.2694629462946294
2022-07-21,0.2789678967896789
2022-07-22,0.0029282928292829282
2022-07-25,-0.03829582958295828
2022-07-26,-0.1282928292829283
2022-07-27,-0.11687968796879687
2022-07-28,-0.3207320732073207
2022-07-29,-0.28570057005700566
2022-08-01,-0.2168256825682568
2022-08-02,-0.008868886888688867
2022-08-03,-0.02171017101710171
2022-08-04,-0.04618061806180617
2022-08-05,-0.13680168016801678
2022-08-08,-0.1660726072607261
2022-08-09,-0.517059705970597
2022-08-10,0.15953195319531951
2022-08-11,0.2774317431743174
2022-08-12,0.5412541254125411
2022-08-15,0.5469546954695469
2022-08-16,0.41454545454545455
2022-08-17,0.33538553855385533
2022-08-18,0.21136513651365135
2022-08-19,0.10324632463246323
2022-08-22,-0.05225322532253225
2022-08-23,-0.12361236123612361
2022-08-24,0.015733573357335735
2022-08-25,0.0854125412541254
2022-08-26,0.07615961596159614
2022-08-29,-0.012349234923492346
2022-08-30,0.01488148814881488
2022-08-31,0.015493549354935493
2022-09-01,0.16632463246324627
2022-09-02,0.24973297329732969
2022-09-06,0.1472067206720672
2022-09-07,0.13146114611461143
2022-09-08,0.11565556555655565
2022-09-09,0.06817881788178817
2022-09-12,0.0687068706870687
2022-09-13,0.0754155415541554
2022-09-14,0.11119111911191117
2022-09-15,0.21995799579957992
2022-09-16,0.07852385238523851
2022-09-19,0.19164716471647164
2022-09-20,0.1881308130813081
2022-09-21,0.0012001200120011998
2022-09-22,0.07447944794479447
2022-09-23,-0.07613561356135612
2022-09-26,0.10034203420342035
2022-09-27,0.17269726972697266
2022-09-28,0.1811341134113411
2022-09-29,0.07555955595559555
2022-09-30,-0.13362136213621362
2022-10-03,-0.3694809480948094
2022-10-04,-0.30184218421842185
2022-10-05,-0.29803780378037803
2022-10-06,-0.23414341434143415
2022-10-07,-0.2164296429642964
2022-10-10,-0.17333333333333334
2022-10-11,0.06154215421542153
2022-10-12,0.09106510651065104
2022-10-13,-0.028238823882388235
2022-10-14,-0.162040204020402
2022-10-17,-0.15051905190519052
2022-10-18,-0.1757215721572157
2022-10-19,-0.06627062706270627
2022-10-20,-0.06869486948694868
2022-10-21,0.11399939993999399
2022-10-24,0.111011101110111
2022-10-25,0.059753975397539745
2022-10-26,0.13484548454845482
2022-10-27,0.11566756675667567
2022-10-28,-0.08490849084908489
2022-10-31,-0.12062406240624061
2022-11-01,-0.018685868586858684
2022-11-02,-0.19047104710471044
2022-11-03,-0.22688268826882688
2022-11-04,-0.2554815481548155
2022-11-07,-0.20127212721272125
2022-11-08,-0.24187218721872183
2022-11-09,-0.1697089708970897
2022-11-10,-0.13483348334833484
2022-11-11,0.2532373237323732
2022-11-14,0.2285268526852685
2022-11-15,0.26613861386138615
2022-11-16,0.08127212721272126
2022-11-17,0.14714671467146714
2022-11-18,0.18190219021902188
2022-11-21,0.04516065154731261
2022-11-22,0.11164716471647164
2022-11-23,0.11063906390639061
2022-11-25,0.03606360636063606
2022-11-28,-0.04172817281728172
2022-11-29,0.05125712571257125
2022-11-30,0.20350435043504347
2022-12-01,0.017413741374137412
2022-12-02,-0.005100510051005099
2022-12-05,-0.1415061506150615
2022-12-06,-0.29777377737773775
2022-12-07,-0.33978997899789976
2022-12-08,-0.1993879387938794
2022-12-09,-0.10679867986798679
2022-12-12,0.11348334833483348
2022-12-13,0.13770177017701768
2022-12-14,0.08775277527752774
2022-12-15,0.21425742574257423
2022-12-16,0.07385538553855385
2022-12-19,0.011257125712571255
2022-12-20,0.028166816681668164
2022-12-21,-0.04668466846684668
2022-12-22,-0.03457545754575457
2022-12-23,-0.22223822382238223
2022-12-27,-0.13522952295229523
2022-12-28,-0.03361536153615361
2022-12-29,-0.04588058805880588
2022-12-30,-0.030927092709270923
2023-01-03,-0.04919291929192919
2023-01-04,0.04349234923492349
2023-01-05,-0.013597359735973594
2023-01-06,0.04109210921092109
2023-01-09,0.08842484248424842
2023-01-10,0.03409540954095409
2023-01-11,-0.004824482448244824
2023-01-12,-0.046000600060005996
2023-01-13,-0.1468226822682268
2023-01-17,-0.03271527152715271
2023-01-18,-0.1397179717971797
2023-01-19,-0.3027542754275427
2023-01-20,-0.33053705370537045
2023-01-23,-0.04786078607860785
2023-01-24,-0.14909090909090908
2023-01-25,-0.28284428442844284
2023-01-26,-0.30880288028802877
2023-01-27,-0.14732673267326732
2023-01-30,-0.27108310831083104
2023-01-31,-0.2697269726972697
2023-02-01,-0.14217821782178217
2023-02-02,0.2502970297029703
2023-02-03,0.33737773777377733
2023-02-06,0.25504950495049505
2023-02-07,0.26895889588958893
2023-02-08,0.030843084308430843
2023-02-09,0.021530153015301527
2023-02-10,-0.021230123012301226
2023-02-13,0.20841284128412838
2023-02-14,0.29970597059705967
2023-02-15,0.1527992799279928
2023-02-16,0.17816981698169812
2023-02-17,0.1354215421542154
2023-02-21,0.05101710171017101
2023-02-22,0.0073207320732073195
2023-02-23,-0.05666966696669666
2023-02-24,-0.07445544554455445
2023-02-27,-0.05538553855385538
2023-02-28,0.04172817281728172
2023-03-01,-0.13564956495649563
2023-03-02,-0.10397839783978395
2023-03-03,2.4002400240024e-05
2023-03-06,0.004344434443444344
2023-03-07,-0.030867086708670863
2023-03-08,-0.008244824482448244
2023-03-09,-0.0863126312631263
2023-03-10,-0.06127812781278127
2023-03-13,-0.03924392439243924
2023-03-14,-0.01903390339033903
2023-03-15,0.026198619861986197
2023-03-16,-0.010165016501650165
2023-03-17,-0.019129912991299132
2023-03-20,-0.17376537653765373
2023-03-21,-0.1398019801980198
2023-03-22,-0.08696069606960695
2023-03-23,0.21450945094509447
2023-03-24,0.12440444044404439
2023-03-27,0.295085508550855
2023-03-28,0.12415241524152415
2023-03-29,0.0901050105010501
2023-03-30,0.02276627662766276
2023-03-31,-0.04079207920792079
2023-04-03,0.019045904590459045
2023-04-04,0.1638163816381638
2023-04-05,0.10623462346234623
2023-04-06,0.1548154815481548
2023-04-10,0.1436903690369037
2023-04-11,0.13864986498649862
2023-04-12,0.08604860486048604
2023-04-13,0.1173117311731173
2023-04-14,-0.062478247824782465
2023-04-17,-0.20571257125712566
2023-04-18,-0.1353975397539754
2023-04-19,0.008244824482448244
2023-04-20,-0.05902190219021902
2023-04-21,0.014233423342334232
2023-04-24,0.039147914791479145
2023-04-25,-0.16622862286228623
2023-04-26,-0.013873387338733873
2023-04-27,-0.1695049504950495
2023-04-28,-0.011761176117611759
2023-05-01,0.00738073807380738
2023-05-02,0.14465046504650464
2023-05-03,0.11283528352835283
2023-05-04,0.036483648364836474
2023-05-05,-0.16577257725772576
2023-05-08,0.04628862886288628
2023-05-09,0.03408340834083408
2023-05-10,0.17009300930093008
2023-05-11,0.18534653465346532
2023-05-12,0.23633963396339633
2023-05-15,0.14553855385538553
2023-05-16,0.12532853285328532
2023-05-17,-0.0016081608160816079
2023-05-18,0.03198319831983198
2023-05-19,-0.03259525952595259
2023-05-22,-0.1804020402040204
2023-05-23,-0.12576057605760574
2023-05-24,0.009096909690969096
2023-05-25,0.14759075907590757
2023-05-26,0.2809600960096009
2023-05-30,0.23198319831983197
2023-05-31,-0.06160216021602159
2023-06-01,0.03687968796879687
2023-06-02,-0.08195619561956194
2023-06-05,-0.271059105910591
2023-06-06,-0.20488448844884485
2023-06-07,0.01225322532253225
2023-06-08,-0.005616561656165616
2023-06-09,0.07138313831383136
2023-06-12,0.2567176717671767
2023-06-13,0.3055385538553855
2023-06-14,0.22228622862286224
2023-06-15,0.16487248724872486
2023-06-16,0.014137413741374135
2023-06-20,-0.004812481248124812
2023-06-21,0.06977497749774977
2023-06-22,-0.03444344434443444
2023-06-23,-0.07948394839483948
2023-06-26,0.09495349534953494
2023-06-27,0.2181218121812181
2023-06-28,0.2689828982898289
2023-06-29,0.20105610561056103
2023-06-30,-0.04759675967596759
2023-07-03,-0.04296429642964296
2023-07-05,-0.07375937593759374
2023-07-06,-0.024002400240024
2023-07-07,0.05154515451545154
2023-07-10,0.12159615961596158
2023-07-11,-0.05441344134413441
2023-07-12,-0.06417041704170416
2023-07-13,-0.1612481248124812
2023-07-14,-0.15848784878487848
2023-07-17,-0.12440444044404439
2023-07-18,-0.11066306630663066
2023-07-19,-0.1850945094509451
2023-07-20,-0.030159015901590158
2023-07-21,0.06372637263726372
2023-07-24,0.008052805280528052
2023-07-25,-0.042832283228322825
2023-07-26,0.03143114311431143
2023-07-27,0.09074107410741072
2023-07-28,-0.12868886888688866
2023-07-31,-0.14833483348334833
2023-08-01,-0.07865586558655864
2023-08-02,-0.10604260426042603
2023-08-03,-0.12246024602460244
2023-08-04,-0.15350735073507346
2023-08-07,-0.011017101710171015
2023-08-08,0.0906090609060906
2023-08-09,-0.011125112511251124
2023-08-10,-0.12934893489348934
2023-08-11,-0.07632763276327632
2023-08-14,0.007668766876687667
2023-08-15,0.038931893189318924
2023-08-16,0.16007200720072007
2023-08-17,0.1117191719171917
2023-08-18,0.23149114911491148
2023-08-21,0.17408940894089406
2023-08-22,0.07356735673567356
2023-08-23,0.03341134113411341
2023-08-24,0.04746474647464746
2023-08-25,0.009312931293129312
2023-08-28,0.14869486948694868
2023-08-29,0.06979897989798979
2023-08-30,-0.010957095709570956
2023-08-31,-0.1942274227422742
2023-09-01,-0.07315931593159315
2023-09-05,-0.049420942094209414
2023-09-06,0.08198019801980197
2023-09-07,0.1185118511851185
2023-09-08,0.082016201620162
2023-09-11,-0.04177617761776177
2023-09-12,0.007536753675367536
2023-09-13,-0.0731113111311131
2023-09-14,-0.1987158715871587
2023-09-15,-0.08158415841584157
2023-09-18,-0.06378637863786378
2023-09-19,-0.09815781578157814
2023-09-20,0.061938193819381926
2023-09-21,0.1205160516051605
2023-09-22,0.21851785178517852
2023-09-25,0.17297329732973296
2023-09-26,0.14876687668766875
2023-09-27,0.20177617761776176
2023-09-28,0.13897389738973898
2023-09-29,0.1465466546654665
2023-10-02,-0.0327032703270327
2023-10-03,0.18816681668166815
2023-10-04,0.06065406540654065
2023-10-05,0.057533753375337525
2023-10-06,-0.08074407440744072
2023-10-09,-0.08836483648364836
2023-10-10,-0.19186318631863186
2023-10-11,-0.29579357935793577
2023-10-12,-0.11375937593759375
2023-10-13,-0.10077407740774078
2023-10-16,-0.018445844584458443
2023-10-17,0.036543654365436544
2023-10-18,-0.06682268226822682
2023-10-19,-0.17366936693669363
2023-10-20,0.006888688868886888
2023-10-23,-0.030399039903990396
2023-10-24,-0.04672067206720671
2023-10-25,0.15923192319231919
2023-10-26,0.23330333033303327
2023-10-27,0.03491149114911491
2023-10-30,0.1255085508550855
2023-10-31,0.2119411941194119
2023-11-01,0.19468346834683467
2023-11-02,0.03186318631863186
2023-11-03,0.10731473147314731
2023-11-06,0.05624962496249625
2023-11-07,0.17057305730573055
2023-11-08,0.1395019501950195
2023-11-09,0.13455745574557454
2023-11-10,0.09428142814281427
2023-11-13,0.04078007800780077
2023-11-14,0.039807980798079796
2023-11-15,-0.10658265826582657
2023-11-16,-0.027314731473147315
2023-11-17,-0.10553855385538553
2023-11-20,-0.06599459945994599
2023-11-21,-0.1879267926792679
2023-11-22,-0.1911191119111911
2023-11-24,-0.2898409840984098
2023-11-27,-0.2553975397539754
2023-11-28,-0.1752295229522952
2023-11-29,-0.2216261626162616
2023-11-30,-0.13064506450645064
2023-12-01,0.024866486648664865
2023-12-04,0.1146114611461146
2023-12-05,0.06073807380738073
2023-12-06,0.0011881188118811879
2023-12-07,-0.07156315631563155
2023-12-08,-0.0922052205220522
2023-12-11,-0.07427542754275428
2023-12-12,-0.2164536453645364
2023-12-13,-0.028286828682868283
2023-12-14,0.2755235523552355
2023-12-15,0.03285928592859286
2023-12-18,-0.030867086708670863
2023-12-19,0.0806120612061206
2023-12-20,-0.0827122712271227
2023-12-21,-0.05915391539153914
2023-12-22,0.038283828382838274
2023-12-26,0.02121812181218122
2023-12-27,0.0692109210921092
2023-12-28,-0.08831683168316831
2023-12-29,-0.15589558955895588
2024-01-02,-0.07787578757875786
2024-01-03,-0.03951995199519951
2024-01-04,0.15217521752175217
2024-01-05,0.22444644464446442
2024-01-08,0.15475547554755473
2024-01-09,0.31899189918991894
2024-01-10,0.3057185718571857
2024-01-11,0.2837923792379238
2024-01-12,0.25795379537953794
2024-01-16,0.14675067506750675
2024-01-17,0.07665166516651664
2024-01-18,0.07085508550855085
2024-01-19,-0.12096009600960095
2024-01-22,-0.1096069606960696
2024-01-23,-0.04614461446144614
2024-01-24,-0.015337533753375335
2024-01-25,0.1546354635463546
2024-01-26,0.2641344134413441
2024-01-29,0.03350735073507351
2024-01-30,-0.008820882088208819
2024-01-31,-0.008064806480648064
2024-02-01,0.15423942394239423
2024-02-02,0.041608160816081596
2024-02-05,0.1484068406840684
2024-02-06,-0.12498049804980496
2024-02-07,-0.16172817281728172
2024-02-08,-0.05479747974797479
2024-02-09,-0.0022682268226822677
2024-02-12,0.014293429342934292
2024-02-13,-0.02907890789078908
2024-02-14,-0.06504650465046503
2024-02-15,0.04969696969696969
2024-02-16,0.10081008100810081
2024-02-20,0.06192619261926192
2024-02-21,0.11650765076507648
2024-02-22,0.06922292229222922
2024-02-23,0.036471647164716466
2024-02-26,0.11756375637563755
2024-02-27,-0.03389138913891389
2024-02-28,-0.13040504050405038
2024-02-29,0.005364536453645364
2024-03-01,0.04429642964296429
2024-03-04,0.05502550255025502
2024-03-05,0.12777677767776777
2024-03-06,0.10145814581458146
2024-03-07,0.056501650165016494
2024-03-08,0.037695769576957694
2024-03-11,0.11183918391839182
2024-03-12,0.019297929792979295
2024-03-13,-0.002244224422442244
2024-03-14,-0.04371450259396391
2024-03-15,-0.015709570957095707
2024-03-18,-0.22555055505550553
2024-03-19,-0.15359135913591357
2024-03-20,-0.17056105610561054
2024-03-21,-0.12172817281728171
2024-03-22,-0.043744374437443743
2024-03-25,-0.10693069306930691
2024-03-26,-0.1504110411041104
2024-03-27,-0.047620762076207614
2024-03-28,-0.04586858685868587
2024-04-01,-0.03733573357335733
2024-04-02,0.15323132313231322
2024-04-03,0.036291629162916283
2024-04-04,0.15329132913291324
2024-04-05,0.14225022502250223
2024-04-08,0.034671467146714666
2024-04-09,0.04301230123012301
2024-04-10,-0.09564956495649564
2024-04-11,-0.1836903690369037
2024-04-12,-0.1727332733273327
2024-04-15,-0.25336933693369335
2024-04-16,-0.18657065706570655
2024-04-17,-0.053129312931293124
2024-04-18,-0.0643144314431443
2024-04-19,0.1598079807980798
2024-04-22,0.07955595559555954
2024-04-23,-0.17568556855685566
2024-04-24,-0.2217221722172217
2024-04-25,-0.14151815181518151
2024-04-26,-0.16148814881488144
2024-04-29,0.02461446144614461
2024-04-30,0.07782778277827782
2024-05-01,0.22366636663666364
2024-05-02,0.23133513351335133
2024-05-03,0.1368256825682568
2024-05-06,-0.09135313531353134
2024-05-07,-0.043408340834083396
2024-05-08,0.0534053405340534
2024-05-09,0.06316231623162316
2024-05-10,0.09328532853285328
2024-05-13,0.20511251125112512
2024-05-14,0.11365136513651364
2024-05-15,-0.014017401740174016
2024-05-16,0.13675367536753674
2024-05-17,0.17647764776477645
2024-05-20,0.042640264026402634
2024-05-21,-0.03109510951095109
2024-05-22,0.1907110711071107
2024-05-23,0.03059105910591059
2024-05-24,-0.01476147614761476
2024-05-28,0.03912391239123913
2024-05-29,-0.022994299429942994
2024-05-30,-0.021146114611461143
2024-05-31,0.11294329432943293
2024-06-03,0.14355835583558355
2024-06-04,0.1907230723072307
2024-06-05,0.3591599159915991
2024-06-06,0.07732373237323731
2024-06-07,0.0919051905190519
2024-06-10,0.13332133213321332
2024-06-11,-0.0071887188718871885
2024-06-12,-0.15584758475847585
2024-06-13,0.016117611761176116
2024-06-14,0.09719771977197719
2024-06-17,-0.026798679867986796
2024-06-18,-0.13428142814281427
2024-06-20,-0.08810081008100809
2024-06-21,0.10663066306630663
2024-06-24,0.05789378937893789
2024-06-25,0.14063006300630063
2024-06-26,0.10889888988898888
2024-06-27,0.14174659990042765
2024-06-28,0.1359255925592559
2024-07-01,0.28760876087608755
2024-07-02,0.21117311731173116
2024-07-03,-0.003768376837683768
2024-07-05,-0.02981098109810981
2024-07-08,-0.018889888988898887
2024-07-09,-0.16142814281428144
2024-07-10,-0.2149054905490549
2024-07-11,-0.20829282928292828
2024-07-12,-0.17656165616561656
2024-07-15,-0.1033063306330633
2024-07-16,-0.06657065706570657
2024-07-17,-0.03504350435043504
2024-07-18,-0.23063906390639058
2024-07-19,-0.23647164716471644
2024-07-22,-0.26186618661866184
2024-07-23,-0.2269186918691869
2024-07-24,-0.07548754875487548
2024-07-25,-0.1747494749474947
2024-07-26,-0.15212721272127208
2024-07-29,-0.0963216321632163
2024-07-30,0.05707770777077707
2024-07-31,-0.1848064806480648
2024-08-01,0.10177017701770176
2024-08-02,0.29658565856585656
2024-08-05,0.3232763276327632
2024-08-06,0.2990939093909391
2024-08-07,0.31464746474647465
2024-08-08,0.2597539753975397
2024-08-09,0.23884788478847882
2024-08-12,0.2742994299429943
2024-08-13,0.24405640564056402
2024-08-14,0.2298349834983498
2024-08-15,-0.17479747974797477
2024-08-16,0.03695169516951695
2024-08-19,-0.10143414341434143
2024-08-20,0.059141914191419134
2024-08-21,-0.15701170117011698
2024-08-22,-0.13249324932493248
2024-08-23,-0.06438643864386438
2024-08-26,-0.15135913591359135
2024-08-27,-0.2606300630063006
2024-08-28,-0.24879687968796874
2024-08-29,-0.30833483348334834
2024-08-30,-0.33467746774677465
2024-09-03,-0.23900390039003894
2024-09-04,0.1499309930993099
2024-09-05,0.11236723672367234
2024-09-06,0.1799219921992199
2024-09-09,0.11097509750975097
2024-09-10,0.15483948394839483
2024-09-11,0.06919891989198919
2024-09-12,0.2387038703870387
2024-09-13,0.1849144914491449
2024-09-16,0.011701170117011701
2024-09-17,0.03809180918091809
2024-09-18,0.07809180918091808
2024-09-19,0.10717071707170717
2024-09-20,0.041104110411041096
2024-09-23,0.06742274227422741
2024-09-24,-0.11723972397239722
2024-09-25,-0.10331833183318331
2024-09-26,-0.20210021002100206
2024-09-27,-0.21845784578457844
2024-09-30,-0.2103570357035703
2024-10-01,0.017653765376537654
2024-10-02,0.20742874287428742
2024-10-03,0.11455145514551454
2024-10-04,0.16568856885688568
2024-10-07,0.24570057005700568
2024-10-08,0.12646864686468645
2024-10-09,0.15613561356135613
2024-10-10,0.17486948694869486
2024-10-11,0.28231623162316233
2024-10-14,-0.024794479447944794
2024-10-15,0.08664866486648665
2024-10-16,0.08450045004500449
2024-10-17,0.09770177017701769
2024-10-18,0.0426042604260426
2024-10-21,0.1598919891989199
2024-10-22,0.25909390939093907
2024-10-23,0.19672367236723673
2024-10-24,0.07691569156915691
2024-10-25,0.10286228622862284
2024-10-28,0.03114311431143114
2024-10-29,-0.04847284728472846
2024-10-30,-0.06727872787278727
2024-10-31,-0.03747974797479747
2024-11-01,-0.055229522952295225
2024-11-04,-0.17032103210321028
2024-11-05,-0.17586558655865583
2024-11-06,-0.09713771377137713
2024-11-07,-0.12030003000300028
2024-11-08,-0.13010501050105008
2024-11-11,-0.008508850885088508
2024-11-12,-0.06057005700570057
2024-11-13,0.050645064506450635
2024-11-14,-0.022538253825382538
2024-11-15,-0.03558355835583558
2024-11-18,0.22413441344134413
2024-11-19,0.1696129612961296
2024-11-20,-0.08212421242124211
2024-11-21,-0.11709570957095708
2024-11-22,0.19086708670867086
2024-11-25,0.058217821782178214
2024-11-26,0.08379237923792378
2024-11-27,0.042004200420042
2024-11-29,0.11084308430843083
2024-12-02,0.047956795679567954
2024-12-03,0.15200720072007198
2024-12-04,0.026126612661266126
2024-12-05,0.03473147314731473
2024-12-06,0.12109210921092109
2024-12-09,0.1376177617761776
2024-12-10,-0.03918391839183918
2024-12-11,0.005784578457845784
2024-12-12,0.03457545754575457
2024-12-13,-0.023306330633063303
2024-12-16,-0.037611761176117614
2024-12-17,0.04076807680768076
2024-12-18,0.13519351935193516
2024-12-19,0.026906690669066903
2024-12-20,0.1394179417941794
2024-12-23,-0.0428186699344558
2024-12-24,-0.029336043360433606
2024-12-26,0.06052393857271905
2024-12-27,0.018089430894308943
2024-12-30,-0.1224932249322493
2024-12-31,-0.09340560072267388
2025-01-02,-0.12870370370370368
2025-01-03,-0.2021680216802168
2025-01-06,-0.011675700090334236
2025-01-07,0.19367660343270096
2025-01-08,0.08100722673893407
2025-01-10,0.2602077687443541
2025-01-13,0.1947831978319783
2025-01-14,0.022470641373080396
2025-01-15,-0.12262872628726287
2025-01-16,-0.13602077687443542
2025-01-17,-0.12380307136404697
2025-01-21,-0.03992773261065944
2025-01-22,0.03414634146341464
2025-01-23,0.2386305252438962
2025-01-24,0.15844625112917796
2025-01-27,-0.14175700090334237
2025-01-28,0.05246160794941282
2025-01-29,0.08956639566395665
2025-01-30,-0.014724480578139113
2025-01-31,0.06754742547425474
2025-02-03,0.053410117434507666
2025-02-04,0.016892502258355917
2025-02-05,0.13154923215898826
2025-02-06,-0.028613369467028003
2025-02-07,-0.1271680216802168
2025-02-10,-0.08830171635049684
2025-02-11,-0.08046522131887986
2025-02-12,-0.11138211382113822
2025-02-13,-0.273193315266486
2025-02-14,-0.1537037037037037
2025-02-18,-0.16813459801264677
2025-02-19,-0.09598012646793133
2025-02-20,-0.038211382113821135
2025-02-21,0.14875790424570912
2025-02-24,0.0452122854561879
2025-02-25,-0.11364046973803071
2025-02-26,-0.157226738934056
2025-02-27,-0.3667795844625113
2025-02-28,-0.28224932249322493
2025-03-03,-0.42181571815718155
2025-03-04,-0.42016711833785003
2025-03-05,-0.3411246612466124
2025-03-06,-0.2976287262872629
2025-03-07,-0.06228545618789521
2025-03-10,0.3109756097560975
2025-03-11,0.21440831074977415
2025-03-12,0.07323848238482385
2025-03-13,0.19744805781391148
2025-03-14,0.31323396567299006
2025-03-17,0.34467028003613365
2025-03-18,0.3100271002710027
2025-03-19,0.1166214995483288
2025-03-20,-0.0064137308039747066
2025-03-21,-0.0491869918699187
2025-03-24,-0.19762872628726286
2025-03-25,-0.18812104787714543
2025-03-26,-0.06228545618789521
2025-03-27,-0.24439927732610658
2025-03-28,-0.3145663956639566
2025-03-31,-0.22816169828364952
2025-04-01,-0.11894760614272809
2025-04-02,0.0008130081300813007
2025-04-03,0.03364950316169828
2025-04-04,0.24460252935862692
2025-04-07,0.03387533875338753
2025-04-08,0.1806007226738934
2025-04-09,-0.37617434507678404
2025-04-10,-0.06418247515808491
2025-04-11,-0.018292682926829267
2025-04-14,0.03466576332429991
2025-04-15,0.19491869918699187
2025-04-16,0.38787262872628725
2025-04-17,0.30756549232158986
2025-04-21,0.3152439024390244
2025-04-22,0.08082655826558266
2025-04-23,0.013956639566395663
2025-04-24,-0.1343947606142728
2025-04-25,0.1674119241192412
2025-04-28,0.165650406504065
2025-04-29,0.15564588979223126
2025-04-30,0.007610659439927732
2025-05-01,0.18252032520325204
2025-05-02,0.0751806684733514
2025-05-05,0.14419602529358624
2025-05-06,0.028861788617886176
2025-05-07,0.06887985546522131
2025-05-08,-0.0473803071364047
2025-05-09,-0.12965221318879855
2025-05-12,-0.08608852755194218
2025-05-13,0.16135953026196925
2025-05-14,0.08988256549232158
2025-05-15,0.2238482384823848
2025-05-16,0.2129855465221319
2025-05-19,0.10815266485998193
2025-05-20,0.1551490514905149
2025-05-21,0.11727642276422764
2025-05-22,0.08213640469738032
2025-05-23,0.18193315266485996
2025-05-27,0.1282746160794941
2025-05-28,-0.1345980126467931
2025-05-29,-0.1226513098464318
2025-05-30,-0.1607497741644083
2025-06-02,-0.3160569105691057
2025-06-03,-0.24340560072267384
2025-06-04,-0.11786359530261968
2025-06-05,-0.06944444444444443
2025-06-06,0.052551942186088524
2025-06-09,0.08649503161698283
2025-06-10,0.1726287262872629
2025-06-11,0.18118789521228545
2025-06-12,0.12100271002710028
2025-06-13,0.10137759710930443
2025-06-16,0.3143405600722674
2025-06-17,0.0014227642276422763
2025-06-18,-0.047899728997289975
2025-06-20,0.008852755194218609
2025-06-23,0.14004065040650407
2025-06-24,-0.11409214092140922
2025-06-25,-0.22084462511291778
2025-06-26,-0.21370822041553747
2025-06-27,-0.1780487804878049
2025-06-30,-0.2616757000903342
2025-07-01,-0.015943992773261067
2025-07-02,0.11481481481481481
2025-07-03,-0.04245709123757904
2025-07-07,-0.008242999096657632
2025-07-08,0.10770099367660342
2025-07-09,0.19598012646793134
2025-07-10,0.10228093947606143
2025-07-11,0.10178410117434508
2025-07-14,0.040492321589882564
2025-07-15,-0.07208672086720867
2025-07-16,-0.22037037037037038
2025-07-17,-0.1103884372177055
2025-07-18,-0.1252032520325203
2025-07-21,-0.06989611562782294
2025-07-22,-0.17299006323396565
2025-07-23,0.13227190605239386
2025-07-24,0.3125790424570912
2025-07-25,0.2570686540198735
2025-07-28,0.273486901535682
2025-07-29,0.2362014453477868
2025-07-30,0.2345528455284553
2025-07-31,0.20998193315266486
2025-08-01,0.26675700090334237
2025-08-04,0.14491869918699185
2025-08-05,0.12477416440831074
2025-08-06,0.1094850948509485
2025-08-07,-0.0007452574525745257
2025-08-08,0.05295844625112917
2025-08-11,0.08220415537488708
2025-08-12,0.07287714543812106
2025-08-13,0.12003161698283647
2025-08-14,0.12215447154471543
2025-08-15,0.14570912375790424
2025-08-18,0.15302619692863595
2025-08-19,0.2788843721770551
2025-08-20,0.1438798554652213
2025-08-21,0.1682249322493225
2025-08-22,0.12177055103884371
2025-08-25,-0.0017615176151761518
2025-08-26,-0.18145889792231254
2025-08-27,-0.1165311653116531
2025-08-28,-0.09699638663053296
2025-08-29,0.10998193315266486
2025-09-02,0.08970189701897019
2025-09-03,0.1181571815718157
2025-09-04,0.1818654019873532
2025-09-05,0.21887985546522132
2025-09-08,0.22696476964769643
2025-09-09,0.09817073170731708
2025-09-10,-0.01483739837398374
2025-09-11,0.05345528455284553
2025-09-12,0.1131887985546522
2025-09-15,-0.022018970189701895
2025-09-16,0.06093044263775971
2025-09-17,0.10257452574525744
2025-09-18,0.0540650406504065
2025-09-19,0.15792682926829268
2025-09-22,0.13945347786811202
2025-09-23,-0.00467479674796748
2025-09-24,-0.08089430894308944
2025-09-25,0.012962962962962963
2025-09-26,0.1615401987353207
2025-09-29,0.11991869918699186
2025-09-30,0.0482836495031617
2025-10-01,0.2018292682926829
2025-10-02,0.20968834688346882
2025-10-03,0.06431797651309845
2025-10-06,0.0998193315266486
2025-10-07,0.049299909665763315
2025-10-08,-0.038143631436314364
2025-10-09,-0.06079494128274616
2025-10-10,-0.017773261065943992
2025-10-13,0.01906052393857272
2025-10-14,-0.06653116531165311
2025-10-15,-0.01479223125564589
2025-10-16,0.024390243902439025
2025-10-17,0.009620596205962059
2025-10-20,0.0
2025-10-21,0.06041102077687443
2025-10-22,0.07037037037037037
2025-10-23,0.006594399277326107
2025-10-24,-0.05693315266485998
2025-10-27,-0.06921860885275519
2025-10-28,0.006865401987353207
2025-10-29,-0.03403342366757001
2025-10-30,0.05756549232158988
2025-10-31,-0.0017389340560072266
2025-11-03,0.11004968383017162
2025-11-04,0.12556458897922312
2025-11-05,-0.07816169828364951
2025-11-06,-0.32323848238482383
2025-11-07,-0.29193766937669374
2025-11-10,-0.14469286359530262
2025-11-11,-0.06696025293586268
2025-11-12,0.11262420957542908
2025-11-13,0.15826558265582658
2025-11-14,-0.024232158988256553
2025-11-17,0.12870370370370368
2025-11-18,0.10020325203252033
2025-11-19,0.15688798554652214
2025-11-20,0.05749774164408311
2025-11-21,0.2107497741644083
2025-11-24,0.015164945601786427
2025-11-25,-0.03775971093044264
2025-11-26,-0.1459349593495935
2025-11-28,-0.0960252935862692
2025-12-01,0.0506323396567299
2025-12-02,-0.024299909665763324
2025-12-03,-0.0032068654019873533
2025-12-04,-0.11291779584462511
2025-12-05,-0.10239385727190604
2025-12-08,-0.11824751580849141
2025-12-09,-0.0847560975609756
2025-12-10,-0.17687443541102077
2025-12-11,-0.11402439024390243
2025-12-12,0.023148148148148147
2025-12-15,0.22190605239385727
2025-12-16,0.28979223125564585
2025-12-17,0.3800813008130081
2025-12-18,0.42260614272809394
2025-12-19,0.1880758807588076
2025-12-22,-0.06736675700090333
